Name,Hold Effect,Effect Param,Natural Gift Power,Natural Gift Type,Fling Power,Fling Effect
Adamant Orb,HOLD_EFFECT_DIALGA_BOOST,20,0,,60,FLING_EFFECT_NONE
Aguav Berry,HOLD_EFFECT_HP_RESTORE_BITTER,8,60,Dragon,10,FLING_EFFECT_HP_RESTORE_BITTER
Air Mail,HOLD_EFFECT_NONE,0,0,,0,FLING_EFFECT_NONE
Amulet Coin,HOLD_EFFECT_MONEY_UP,10,0,,30,FLING_EFFECT_NONE
Antidote,HOLD_EFFECT_NONE,0,0,,30,FLING_EFFECT_NONE
Apicot Berry,HOLD_EFFECT_PINCH_SPDEF_UP,4,80,Ground,10,FLING_EFFECT_SPDEF_UP
Armor Fossil,HOLD_EFFECT_NONE,0,0,,100,FLING_EFFECT_NONE
Aspear Berry,HOLD_EFFECT_FRZ_RESTORE,0,60,Ice,10,FLING_EFFECT_FRZ_RESTORE
Awakening,HOLD_EFFECT_NONE,0,0,,30,FLING_EFFECT_NONE
Azure Flute,HOLD_EFFECT_NONE,0,0,,0,FLING_EFFECT_NONE
Babiri Berry,HOLD_EFFECT_WEAKEN_SE_STEEL,0,60,Steel,10,FLING_EFFECT_NONE
Belue Berry,HOLD_EFFECT_NONE,0,80,Electric,10,FLING_EFFECT_NONE
Berry Juice,HOLD_EFFECT_HP_RESTORE,20,0,,30,FLING_EFFECT_NONE
Bicycle,HOLD_EFFECT_NONE,0,0,,0,FLING_EFFECT_NONE
Big Mushroom,HOLD_EFFECT_NONE,0,0,,30,FLING_EFFECT_NONE
Big Pearl,HOLD_EFFECT_NONE,0,0,,30,FLING_EFFECT_NONE
Big Root,HOLD_EFFECT_LEECH_BOOST,30,0,,10,FLING_EFFECT_NONE
Black Belt,HOLD_EFFECT_STRENGTHEN_FIGHT,20,0,,30,FLING_EFFECT_NONE
Black Flute,HOLD_EFFECT_NONE,50,0,,30,FLING_EFFECT_NONE
Black Sludge,HOLD_EFFECT_HP_RESTORE_PSN_TYPE,16,0,,30,FLING_EFFECT_NONE
BlackGlasses,HOLD_EFFECT_STRENGTHEN_DARK,20,0,,30,FLING_EFFECT_NONE
Bloom Mail,HOLD_EFFECT_NONE,0,0,,0,FLING_EFFECT_NONE
Blue Flute,HOLD_EFFECT_NONE,0,0,,30,FLING_EFFECT_NONE
Blue Scarf,HOLD_EFFECT_NONE,0,0,,10,FLING_EFFECT_NONE
Blue Shard,HOLD_EFFECT_NONE,0,0,,30,FLING_EFFECT_NONE
Bluk Berry,HOLD_EFFECT_NONE,0,70,Fire,10,FLING_EFFECT_NONE
Brick Mail,HOLD_EFFECT_NONE,0,0,,0,FLING_EFFECT_NONE
BrightPowder,HOLD_EFFECT_ACC_REDUCE,10,0,,10,FLING_EFFECT_NONE
Bubble Mail,HOLD_EFFECT_NONE,0,0,,0,FLING_EFFECT_NONE
Burn Heal,HOLD_EFFECT_NONE,0,0,,30,FLING_EFFECT_NONE
Calcium,HOLD_EFFECT_NONE,0,0,,30,FLING_EFFECT_NONE
Carbos,HOLD_EFFECT_NONE,0,0,,30,FLING_EFFECT_NONE
Charcoal,HOLD_EFFECT_STRENGTHEN_FIRE,20,0,,30,FLING_EFFECT_NONE
Charti Berry,HOLD_EFFECT_WEAKEN_SE_ROCK,0,60,Rock,10,FLING_EFFECT_NONE
Cheri Berry,HOLD_EFFECT_PRZ_RESTORE,0,60,Fire,10,FLING_EFFECT_PRZ_RESTORE
Cherish Ball,HOLD_EFFECT_NONE,0,0,,0,FLING_EFFECT_NONE
Chesto Berry,HOLD_EFFECT_SLP_RESTORE,0,60,Water,10,FLING_EFFECT_SLP_RESTORE
Chilan Berry,HOLD_EFFECT_WEAKEN_NORMAL,0,60,Normal,10,FLING_EFFECT_NONE
Choice Band,HOLD_EFFECT_CHOICE_ATK,0,0,,10,FLING_EFFECT_NONE
Choice Scarf,HOLD_EFFECT_CHOICE_SPEED,0,0,,10,FLING_EFFECT_NONE
Choice Specs,HOLD_EFFECT_CHOICE_SPATK,0,0,,10,FLING_EFFECT_NONE
Chople Berry,HOLD_EFFECT_WEAKEN_SE_FIGHT,0,60,Fighting,10,FLING_EFFECT_NONE
Claw Fossil,HOLD_EFFECT_NONE,0,0,,100,FLING_EFFECT_NONE
Cleanse Tag,HOLD_EFFECT_ENCOUNTERS_DOWN,0,0,,30,FLING_EFFECT_NONE
Coba Berry,HOLD_EFFECT_WEAKEN_SE_FLYING,0,60,Flying,10,FLING_EFFECT_NONE
Coin Case,HOLD_EFFECT_NONE,0,0,,0,FLING_EFFECT_NONE
Colbur Berry,HOLD_EFFECT_WEAKEN_SE_DARK,0,60,Dark,10,FLING_EFFECT_NONE
Contest Pass,HOLD_EFFECT_NONE,0,0,,0,FLING_EFFECT_NONE
Cornn Berry,HOLD_EFFECT_NONE,0,70,Bug,10,FLING_EFFECT_NONE
Coupon 1,HOLD_EFFECT_NONE,0,0,,0,FLING_EFFECT_NONE
Coupon 2,HOLD_EFFECT_NONE,0,0,,0,FLING_EFFECT_NONE
Coupon 3,HOLD_EFFECT_NONE,0,0,,0,FLING_EFFECT_NONE
Custap Berry,HOLD_EFFECT_PINCH_PRIORITY,4,80,Ghost,10,FLING_EFFECT_NONE
Damp Mulch,HOLD_EFFECT_NONE,0,0,,30,FLING_EFFECT_NONE
Damp Rock,HOLD_EFFECT_EXTEND_RAIN,3,0,,60,FLING_EFFECT_NONE
Dawn Stone,HOLD_EFFECT_NONE,0,0,,80,FLING_EFFECT_NONE
DeepSeaScale,HOLD_EFFECT_CLAMPERL_SPDEF,0,0,,30,FLING_EFFECT_NONE
DeepSeaTooth,HOLD_EFFECT_CLAMPERL_SPATK,0,0,,90,FLING_EFFECT_NONE
Destiny Knot,HOLD_EFFECT_RECIPROCATE_INFAT,0,0,,10,FLING_EFFECT_NONE
Dire Hit,HOLD_EFFECT_NONE,0,0,,30,FLING_EFFECT_NONE
Dive Ball,HOLD_EFFECT_NONE,0,0,,0,FLING_EFFECT_NONE
Dome Fossil,HOLD_EFFECT_NONE,0,0,,100,FLING_EFFECT_NONE
Draco Plate,HOLD_EFFECT_ARCEUS_DRAGON,20,0,,90,FLING_EFFECT_NONE
Dragon Fang,HOLD_EFFECT_STRENGTHEN_DRAGON,20,0,,70,FLING_EFFECT_NONE
Dragon Scale,HOLD_EFFECT_EVOLVE_SEADRA,10,0,,30,FLING_EFFECT_NONE
Dread Plate,HOLD_EFFECT_ARCEUS_DARK,20,0,,90,FLING_EFFECT_NONE
Dubious Disc,HOLD_EFFECT_EVOLVE_PORYGON2,0,0,,50,FLING_EFFECT_NONE
Durin Berry,HOLD_EFFECT_NONE,0,80,Water,10,FLING_EFFECT_NONE
Dusk Ball,HOLD_EFFECT_NONE,0,0,,0,FLING_EFFECT_NONE
Dusk Stone,HOLD_EFFECT_NONE,0,0,,80,FLING_EFFECT_NONE
Earth Plate,HOLD_EFFECT_ARCEUS_GROUND,20,0,,90,FLING_EFFECT_NONE
Electirizer,HOLD_EFFECT_EVOLVE_ELECTABUZZ,0,0,,80,FLING_EFFECT_NONE
Elixir,HOLD_EFFECT_NONE,10,0,,30,FLING_EFFECT_NONE
Energy Root,HOLD_EFFECT_NONE,0,0,,30,FLING_EFFECT_NONE
EnergyPowder,HOLD_EFFECT_NONE,0,0,,30,FLING_EFFECT_NONE
Enigma Berry,HOLD_EFFECT_HP_RESTORE_SE,4,80,Bug,10,FLING_EFFECT_NONE
Escape Rope,HOLD_EFFECT_NONE,0,0,,30,FLING_EFFECT_NONE
Ether,HOLD_EFFECT_NONE,10,0,,30,FLING_EFFECT_NONE
Everstone,HOLD_EFFECT_NO_EVOLVE,0,0,,30,FLING_EFFECT_NONE
Exp. Share,HOLD_EFFECT_EXP_SHARE,0,0,,30,FLING_EFFECT_NONE
Expert Belt,HOLD_EFFECT_POWER_UP_SE,20,0,,10,FLING_EFFECT_NONE
Explorer Kit,HOLD_EFFECT_NONE,0,0,,0,FLING_EFFECT_NONE
Fashion Case,HOLD_EFFECT_NONE,0,0,,0,FLING_EFFECT_NONE
Figy Berry,HOLD_EFFECT_HP_RESTORE_SPICY,8,60,Bug,10,FLING_EFFECT_HP_RESTORE_SPICY
Fire Stone,HOLD_EFFECT_NONE,0,0,,30,FLING_EFFECT_NONE
Fist Plate,HOLD_EFFECT_ARCEUS_FIGHTING,20,0,,90,FLING_EFFECT_NONE
Flame Mail,HOLD_EFFECT_NONE,0,0,,0,FLING_EFFECT_NONE
Flame Orb,HOLD_EFFECT_BRN_USER,0,0,,30,FLING_EFFECT_BURN
Flame Plate,HOLD_EFFECT_ARCEUS_FIRE,20,0,,90,FLING_EFFECT_NONE
Fluffy Tail,HOLD_EFFECT_NONE,0,0,,30,FLING_EFFECT_NONE
Focus Band,HOLD_EFFECT_MAYBE_ENDURE,10,0,,10,FLING_EFFECT_NONE
Focus Sash,HOLD_EFFECT_ENDURE,0,0,,10,FLING_EFFECT_NONE
Fresh Water,HOLD_EFFECT_NONE,50,0,,30,FLING_EFFECT_NONE
Full Heal,HOLD_EFFECT_NONE,0,0,,30,FLING_EFFECT_NONE
Full Incense,HOLD_EFFECT_PRIORITY_DOWN,0,0,,10,FLING_EFFECT_NONE
Full Restore,HOLD_EFFECT_NONE,255,0,,30,FLING_EFFECT_NONE
Galactic Key,HOLD_EFFECT_NONE,0,0,,0,FLING_EFFECT_NONE
Ganlon Berry,HOLD_EFFECT_PINCH_DEF_UP,4,80,Ice,10,FLING_EFFECT_DEF_UP
Good Rod,HOLD_EFFECT_NONE,0,0,,0,FLING_EFFECT_NONE
Gooey Mulch,HOLD_EFFECT_NONE,0,0,,30,FLING_EFFECT_NONE
Gracidea,HOLD_EFFECT_NONE,0,0,,0,FLING_EFFECT_NONE
Grass Mail,HOLD_EFFECT_NONE,0,0,,0,FLING_EFFECT_NONE
Great Ball,HOLD_EFFECT_NONE,0,0,,0,FLING_EFFECT_NONE
Green Scarf,HOLD_EFFECT_NONE,0,0,,10,FLING_EFFECT_NONE
Green Shard,HOLD_EFFECT_NONE,0,0,,30,FLING_EFFECT_NONE
Grepa Berry,HOLD_EFFECT_NONE,0,70,Flying,10,FLING_EFFECT_NONE
Grip Claw,HOLD_EFFECT_EXTEND_TRAPPING,0,0,,90,FLING_EFFECT_NONE
Griseous Orb,HOLD_EFFECT_GIRATINA_BOOST,20,0,,60,FLING_EFFECT_NONE
Growth Mulch,HOLD_EFFECT_NONE,0,0,,30,FLING_EFFECT_NONE
Guard Spec.,HOLD_EFFECT_NONE,0,0,,30,FLING_EFFECT_NONE
Haban Berry,HOLD_EFFECT_WEAKEN_SE_DRAGON,0,60,Dragon,10,FLING_EFFECT_NONE
Hard Stone,HOLD_EFFECT_STRENGTHEN_ROCK,20,0,,100,FLING_EFFECT_NONE
Heal Ball,HOLD_EFFECT_NONE,0,0,,0,FLING_EFFECT_NONE
Heal Powder,HOLD_EFFECT_NONE,0,0,,30,FLING_EFFECT_NONE
Heart Mail,HOLD_EFFECT_NONE,0,0,,0,FLING_EFFECT_NONE
Heart Scale,HOLD_EFFECT_NONE,0,0,,30,FLING_EFFECT_NONE
Heat Rock,HOLD_EFFECT_EXTEND_SUN,3,0,,60,FLING_EFFECT_NONE
Helix Fossil,HOLD_EFFECT_NONE,0,0,,100,FLING_EFFECT_NONE
HM01,HOLD_EFFECT_NONE,0,0,,0,FLING_EFFECT_NONE
HM02,HOLD_EFFECT_NONE,0,0,,0,FLING_EFFECT_NONE
HM03,HOLD_EFFECT_NONE,0,0,,0,FLING_EFFECT_NONE
HM04,HOLD_EFFECT_NONE,0,0,,0,FLING_EFFECT_NONE
HM05,HOLD_EFFECT_NONE,0,0,,0,FLING_EFFECT_NONE
HM06,HOLD_EFFECT_NONE,0,0,,0,FLING_EFFECT_NONE
HM07,HOLD_EFFECT_NONE,0,0,,0,FLING_EFFECT_NONE
HM08,HOLD_EFFECT_NONE,0,0,,0,FLING_EFFECT_NONE
Hondew Berry,HOLD_EFFECT_NONE,0,70,Ground,10,FLING_EFFECT_NONE
Honey,HOLD_EFFECT_NONE,0,0,,30,FLING_EFFECT_NONE
HP Up,HOLD_EFFECT_NONE,0,0,,30,FLING_EFFECT_NONE
Hyper Potion,HOLD_EFFECT_NONE,200,0,,30,FLING_EFFECT_NONE
Iapapa Berry,HOLD_EFFECT_HP_RESTORE_SOUR,8,60,Dark,10,FLING_EFFECT_HP_RESTORE_SOUR
Ice Heal,HOLD_EFFECT_NONE,0,0,,30,FLING_EFFECT_NONE
Icicle Plate,HOLD_EFFECT_ARCEUS_ICE,20,0,,90,FLING_EFFECT_NONE
Icy Rock,HOLD_EFFECT_EXTEND_HAIL,3,0,,40,FLING_EFFECT_NONE
Insect Plate,HOLD_EFFECT_ARCEUS_BUG,20,0,,90,FLING_EFFECT_NONE
Iron,HOLD_EFFECT_NONE,0,0,,30,FLING_EFFECT_NONE
Iron Ball,HOLD_EFFECT_SPEED_DOWN_GROUNDED,0,0,,130,FLING_EFFECT_NONE
Iron Plate,HOLD_EFFECT_ARCEUS_STEEL,20,0,,90,FLING_EFFECT_NONE
Jaboca Berry,HOLD_EFFECT_RECOIL_PHYSICAL,8,80,Dragon,10,FLING_EFFECT_NONE
Journal,HOLD_EFFECT_NONE,0,0,,0,FLING_EFFECT_NONE
Kasib Berry,HOLD_EFFECT_WEAKEN_SE_GHOST,0,60,Ghost,10,FLING_EFFECT_NONE
Kebia Berry,HOLD_EFFECT_WEAKEN_SE_POISON,0,60,Poison,10,FLING_EFFECT_NONE
Kelpsy Berry,HOLD_EFFECT_NONE,0,70,Fighting,10,FLING_EFFECT_NONE
King’s Rock,HOLD_EFFECT_SOMETIMES_FLINCH,10,0,,30,FLING_EFFECT_FLINCH
Lagging Tail,HOLD_EFFECT_PRIORITY_DOWN,0,0,,10,FLING_EFFECT_NONE
Lansat Berry,HOLD_EFFECT_PINCH_CRITRATE_UP,4,80,Flying,10,FLING_EFFECT_CRIT_UP
Lava Cookie,HOLD_EFFECT_NONE,0,0,,30,FLING_EFFECT_NONE
Lax Incense,HOLD_EFFECT_ACC_REDUCE,10,0,,10,FLING_EFFECT_NONE
Leaf Stone,HOLD_EFFECT_NONE,0,0,,30,FLING_EFFECT_NONE
Leftovers,HOLD_EFFECT_HP_RESTORE_GRADUAL,10,0,,10,FLING_EFFECT_NONE
Lemonade,HOLD_EFFECT_NONE,80,0,,30,FLING_EFFECT_NONE
Leppa Berry,HOLD_EFFECT_PP_RESTORE,10,60,Fighting,10,FLING_EFFECT_PP_RESTORE
Liechi Berry,HOLD_EFFECT_PINCH_ATK_UP,4,80,Grass,10,FLING_EFFECT_ATK_UP
Life Orb,HOLD_EFFECT_HP_DRAIN_ON_ATK,30,0,,30,FLING_EFFECT_NONE
Light Ball,HOLD_EFFECT_PIKA_SPATK_UP,0,0,,30,FLING_EFFECT_PARALYZE
Light Clay,HOLD_EFFECT_EXTEND_SCREENS,3,0,,30,FLING_EFFECT_NONE
Loot Sack,HOLD_EFFECT_NONE,0,0,,0,FLING_EFFECT_NONE
Luck Incense,HOLD_EFFECT_MONEY_UP,10,0,,10,FLING_EFFECT_NONE
Lucky Egg,HOLD_EFFECT_EXP_UP,0,0,,30,FLING_EFFECT_NONE
Lucky Punch,HOLD_EFFECT_CHANSEY_CRITRATE_UP,0,0,,40,FLING_EFFECT_NONE
Lum Berry,HOLD_EFFECT_STATUS_RESTORE,0,60,Flying,10,FLING_EFFECT_ALL_RESTORE
Lunar Wing,HOLD_EFFECT_NONE,0,0,,0,FLING_EFFECT_NONE
Lustrous Orb,HOLD_EFFECT_PALKIA_BOOST,20,0,,60,FLING_EFFECT_NONE
Luxury Ball,HOLD_EFFECT_NONE,0,0,,0,FLING_EFFECT_NONE
Macho Brace,HOLD_EFFECT_EVS_UP_SPEED_DOWN,0,0,,60,FLING_EFFECT_NONE
Magma Stone,HOLD_EFFECT_NONE,0,0,,0,FLING_EFFECT_NONE
Magmarizer,HOLD_EFFECT_EVOLVE_MAGMAR,0,0,,80,FLING_EFFECT_NONE
Magnet,HOLD_EFFECT_STRENGTHEN_ELECTRIC,20,0,,30,FLING_EFFECT_NONE
Mago Berry,HOLD_EFFECT_HP_RESTORE_SWEET,8,60,Ghost,10,FLING_EFFECT_HP_RESTORE_SWEET
Magost Berry,HOLD_EFFECT_NONE,0,70,Rock,10,FLING_EFFECT_NONE
Master Ball,HOLD_EFFECT_NONE,0,0,,0,FLING_EFFECT_NONE
Max Elixir,HOLD_EFFECT_NONE,255,0,,30,FLING_EFFECT_NONE
Max Ether,HOLD_EFFECT_NONE,255,0,,30,FLING_EFFECT_NONE
Max Potion,HOLD_EFFECT_NONE,255,0,,30,FLING_EFFECT_NONE
Max Repel,HOLD_EFFECT_NONE,250,0,,30,FLING_EFFECT_NONE
Max Revive,HOLD_EFFECT_NONE,0,0,,30,FLING_EFFECT_NONE
Meadow Plate,HOLD_EFFECT_ARCEUS_GRASS,20,0,,90,FLING_EFFECT_NONE
Member Card,HOLD_EFFECT_NONE,0,0,,0,FLING_EFFECT_NONE
Mental Herb,HOLD_EFFECT_HEAL_INFATUATION,0,0,,10,FLING_EFFECT_HEAL_INFATUATION
Metal Coat,HOLD_EFFECT_STRENGTHEN_STEEL,20,0,,30,FLING_EFFECT_NONE
Metal Powder,HOLD_EFFECT_DITTO_DEF_UP,0,0,,10,FLING_EFFECT_NONE
Metronome,HOLD_EFFECT_BOOST_REPEATED,10,0,,30,FLING_EFFECT_NONE
Micle Berry,HOLD_EFFECT_PINCH_ACC_UP,4,80,Rock,10,FLING_EFFECT_TEMP_ACC_UP
Mind Plate,HOLD_EFFECT_ARCEUS_PSYCHIC,20,0,,90,FLING_EFFECT_NONE
Miracle Seed,HOLD_EFFECT_STRENGTHEN_GRASS,20,0,,30,FLING_EFFECT_NONE
Moomoo Milk,HOLD_EFFECT_NONE,100,0,,30,FLING_EFFECT_NONE
Moon Stone,HOLD_EFFECT_NONE,0,0,,30,FLING_EFFECT_NONE
Mosaic Mail,HOLD_EFFECT_NONE,0,0,,0,FLING_EFFECT_NONE
Muscle Band,HOLD_EFFECT_POWER_UP_PHYS,10,0,,10,FLING_EFFECT_NONE
Mystic Water,HOLD_EFFECT_STRENGTHEN_WATER,20,0,,30,FLING_EFFECT_NONE
Nanab Berry,HOLD_EFFECT_NONE,0,70,Water,10,FLING_EFFECT_NONE
Nest Ball,HOLD_EFFECT_NONE,0,0,,0,FLING_EFFECT_NONE
Net Ball,HOLD_EFFECT_NONE,0,0,,0,FLING_EFFECT_NONE
NeverMeltIce,HOLD_EFFECT_STRENGTHEN_ICE,20,0,,30,FLING_EFFECT_NONE
Nomel Berry,HOLD_EFFECT_NONE,0,70,Dragon,10,FLING_EFFECT_NONE
None,HOLD_EFFECT_NONE,0,0,Normal,0,FLING_EFFECT_NONE
Nugget,HOLD_EFFECT_NONE,0,0,,30,FLING_EFFECT_NONE
Oak’s Letter,HOLD_EFFECT_NONE,0,0,,0,FLING_EFFECT_NONE
Occa Berry,HOLD_EFFECT_WEAKEN_SE_FIRE,0,60,Fire,10,FLING_EFFECT_NONE
Odd Incense,HOLD_EFFECT_STRENGTHEN_PSYCHIC,20,0,,10,FLING_EFFECT_NONE
Odd Keystone,HOLD_EFFECT_NONE,0,0,,80,FLING_EFFECT_NONE
Old Amber,HOLD_EFFECT_NONE,0,0,,100,FLING_EFFECT_NONE
Old Charm,HOLD_EFFECT_NONE,0,0,,0,FLING_EFFECT_NONE
Old Gateau,HOLD_EFFECT_NONE,0,0,,30,FLING_EFFECT_NONE
Old Rod,HOLD_EFFECT_NONE,0,0,,0,FLING_EFFECT_NONE
Oran Berry,HOLD_EFFECT_HP_RESTORE,10,60,Poison,10,FLING_EFFECT_HP_RESTORE
Oval Stone,HOLD_EFFECT_NONE,0,0,,80,FLING_EFFECT_NONE
Pal Pad,HOLD_EFFECT_NONE,0,0,,0,FLING_EFFECT_NONE
Pamtre Berry,HOLD_EFFECT_NONE,0,70,Steel,10,FLING_EFFECT_NONE
Parcel,HOLD_EFFECT_NONE,0,0,,0,FLING_EFFECT_NONE
Parlyz Heal,HOLD_EFFECT_NONE,0,0,,30,FLING_EFFECT_NONE
Passho Berry,HOLD_EFFECT_WEAKEN_SE_WATER,0,60,Water,10,FLING_EFFECT_NONE
Payapa Berry,HOLD_EFFECT_WEAKEN_SE_PSYCHIC,0,60,Psychic,10,FLING_EFFECT_NONE
Pearl,HOLD_EFFECT_NONE,0,0,,30,FLING_EFFECT_NONE
Pecha Berry,HOLD_EFFECT_PSN_RESTORE,0,60,Electric,10,FLING_EFFECT_PSN_RESTORE
Persim Berry,HOLD_EFFECT_CONFUSE_RESTORE,0,60,Ground,10,FLING_EFFECT_CNF_RESTORE
Petaya Berry,HOLD_EFFECT_PINCH_SPATK_UP,4,80,Poison,10,FLING_EFFECT_SPATK_UP
Pinap Berry,HOLD_EFFECT_NONE,0,70,Grass,10,FLING_EFFECT_NONE
Pink Scarf,HOLD_EFFECT_NONE,0,0,,10,FLING_EFFECT_NONE
Poffin Case,HOLD_EFFECT_NONE,0,0,,0,FLING_EFFECT_NONE
Point Card,HOLD_EFFECT_NONE,0,0,,0,FLING_EFFECT_NONE
Poison Barb,HOLD_EFFECT_STRENGTHEN_POISON,20,0,,70,FLING_EFFECT_POISON
Poké Ball,HOLD_EFFECT_NONE,0,0,,0,FLING_EFFECT_NONE
Poké Doll,HOLD_EFFECT_NONE,0,0,,30,FLING_EFFECT_NONE
Poké Radar,HOLD_EFFECT_NONE,0,0,,0,FLING_EFFECT_NONE
Pomeg Berry,HOLD_EFFECT_NONE,0,70,Ice,10,FLING_EFFECT_NONE
Potion,HOLD_EFFECT_NONE,20,0,,30,FLING_EFFECT_NONE
Power Anklet,HOLD_EFFECT_LVLUP_SPEED_EV_UP,4,0,,70,FLING_EFFECT_NONE
Power Band,HOLD_EFFECT_LVLUP_SPDEF_EV_UP,4,0,,70,FLING_EFFECT_NONE
Power Belt,HOLD_EFFECT_LVLUP_DEF_EV_UP,4,0,,70,FLING_EFFECT_NONE
Power Bracer,HOLD_EFFECT_LVLUP_ATK_EV_UP,4,0,,70,FLING_EFFECT_NONE
Power Herb,HOLD_EFFECT_CHARGE_SKIP,0,0,,10,FLING_EFFECT_NONE
Power Lens,HOLD_EFFECT_LVLUP_SPATK_EV_UP,4,0,,70,FLING_EFFECT_NONE
Power Weight,HOLD_EFFECT_LVLUP_HP_EV_UP,4,0,,70,FLING_EFFECT_NONE
PP Max,HOLD_EFFECT_NONE,0,0,,30,FLING_EFFECT_NONE
PP Up,HOLD_EFFECT_NONE,0,0,,30,FLING_EFFECT_NONE
Premier Ball,HOLD_EFFECT_NONE,0,0,,0,FLING_EFFECT_NONE
Protector,HOLD_EFFECT_EVOLVE_RHYDON,0,0,,80,FLING_EFFECT_NONE
Protein,HOLD_EFFECT_NONE,0,0,,30,FLING_EFFECT_NONE
Pure Incense,HOLD_EFFECT_ENCOUNTERS_DOWN,0,0,,10,FLING_EFFECT_NONE
Qualot Berry,HOLD_EFFECT_NONE,0,70,Poison,10,FLING_EFFECT_NONE
Quick Ball,HOLD_EFFECT_NONE,0,0,,0,FLING_EFFECT_NONE
Quick Claw,HOLD_EFFECT_SOMETIMES_PRIORITY,20,0,,80,FLING_EFFECT_NONE
Quick Powder,HOLD_EFFECT_DITTO_SPEED_UP,0,0,,10,FLING_EFFECT_NONE
Rabuta Berry,HOLD_EFFECT_NONE,0,70,Ghost,10,FLING_EFFECT_NONE
Rare Bone,HOLD_EFFECT_NONE,0,0,,100,FLING_EFFECT_NONE
Rare Candy,HOLD_EFFECT_NONE,0,0,,30,FLING_EFFECT_NONE
Rawst Berry,HOLD_EFFECT_BRN_RESTORE,0,60,Grass,10,FLING_EFFECT_BRN_RESTORE
Razor Claw,HOLD_EFFECT_CRITRATE_UP,0,0,,80,FLING_EFFECT_NONE
Razor Fang,HOLD_EFFECT_SOMETIMES_FLINCH,10,0,,30,FLING_EFFECT_FLINCH
Razz Berry,HOLD_EFFECT_NONE,0,60,Steel,10,FLING_EFFECT_NONE
Reaper Cloth,HOLD_EFFECT_EVOLVE_DUSCLOPS,0,0,,10,FLING_EFFECT_NONE
Red Chain,HOLD_EFFECT_NONE,0,0,,0,FLING_EFFECT_NONE
Red Flute,HOLD_EFFECT_NONE,0,0,,30,FLING_EFFECT_NONE
Red Scarf,HOLD_EFFECT_NONE,0,0,,10,FLING_EFFECT_NONE
Red Shard,HOLD_EFFECT_NONE,0,0,,30,FLING_EFFECT_NONE
Repeat Ball,HOLD_EFFECT_NONE,0,0,,0,FLING_EFFECT_NONE
Repel,HOLD_EFFECT_NONE,100,0,,30,FLING_EFFECT_NONE
Revival Herb,HOLD_EFFECT_NONE,0,0,,30,FLING_EFFECT_NONE
Revive,HOLD_EFFECT_NONE,0,0,,30,FLING_EFFECT_NONE
Rindo Berry,HOLD_EFFECT_WEAKEN_SE_GRASS,0,60,Grass,10,FLING_EFFECT_NONE
Rock Incense,HOLD_EFFECT_STRENGTHEN_ROCK,20,0,,10,FLING_EFFECT_NONE
Root Fossil,HOLD_EFFECT_NONE,0,0,,100,FLING_EFFECT_NONE
Rose Incense,HOLD_EFFECT_STRENGTHEN_GRASS,20,0,,10,FLING_EFFECT_NONE
Rowap Berry,HOLD_EFFECT_RECOIL_SPECIAL,8,80,Dark,10,FLING_EFFECT_NONE
Rule Book,HOLD_EFFECT_NONE,0,0,,0,FLING_EFFECT_NONE
S.S. Ticket,HOLD_EFFECT_NONE,0,0,,0,FLING_EFFECT_NONE
Sacred Ash,HOLD_EFFECT_NONE,0,0,,30,FLING_EFFECT_NONE
Safari Ball,HOLD_EFFECT_NONE,0,0,,0,FLING_EFFECT_NONE
Salac Berry,HOLD_EFFECT_PINCH_SPEED_UP,4,80,Fighting,10,FLING_EFFECT_SPEED_UP
Scope Lens,HOLD_EFFECT_CRITRATE_UP,0,0,,30,FLING_EFFECT_NONE
Sea Incense,HOLD_EFFECT_STRENGTHEN_WATER,20,0,,10,FLING_EFFECT_NONE
Seal Bag,HOLD_EFFECT_NONE,0,0,,0,FLING_EFFECT_NONE
Seal Case,HOLD_EFFECT_NONE,0,0,,0,FLING_EFFECT_NONE
Secret Key,HOLD_EFFECT_NONE,0,0,,0,FLING_EFFECT_NONE
SecretPotion,HOLD_EFFECT_NONE,0,0,,0,FLING_EFFECT_NONE
Sharp Beak,HOLD_EFFECT_STRENGTHEN_FLYING,20,0,,50,FLING_EFFECT_NONE
Shed Shell,HOLD_EFFECT_SWITCH,0,0,,10,FLING_EFFECT_NONE
Shell Bell,HOLD_EFFECT_HP_RESTORE_ON_DMG,8,0,,30,FLING_EFFECT_NONE
Shiny Stone,HOLD_EFFECT_NONE,0,0,,80,FLING_EFFECT_NONE
Shoal Salt,HOLD_EFFECT_NONE,0,0,,30,FLING_EFFECT_NONE
Shoal Shell,HOLD_EFFECT_NONE,0,0,,30,FLING_EFFECT_NONE
Shuca Berry,HOLD_EFFECT_WEAKEN_SE_GROUND,0,60,Ground,10,FLING_EFFECT_NONE
Silk Scarf,HOLD_EFFECT_STRENGTHEN_NORMAL,20,0,,10,FLING_EFFECT_NONE
SilverPowder,HOLD_EFFECT_STRENGTHEN_BUG,20,0,,10,FLING_EFFECT_NONE
Sitrus Berry,HOLD_EFFECT_HP_PCT_RESTORE,25,60,Psychic,10,FLING_EFFECT_HP_PCT_RESTORE
Skull Fossil,HOLD_EFFECT_NONE,0,0,,100,FLING_EFFECT_NONE
Sky Plate,HOLD_EFFECT_ARCEUS_FLYING,20,0,,90,FLING_EFFECT_NONE
Smoke Ball,HOLD_EFFECT_FLEE,0,0,,30,FLING_EFFECT_NONE
Smooth Rock,HOLD_EFFECT_EXTEND_SANDSTORM,3,0,,10,FLING_EFFECT_NONE
Snow Mail,HOLD_EFFECT_NONE,0,0,,0,FLING_EFFECT_NONE
Soda Pop,HOLD_EFFECT_NONE,60,0,,30,FLING_EFFECT_NONE
Soft Sand,HOLD_EFFECT_STRENGTHEN_GROUND,20,0,,10,FLING_EFFECT_NONE
Soothe Bell,HOLD_EFFECT_FRIENDSHIP_UP,0,0,,10,FLING_EFFECT_NONE
Soul Dew,HOLD_EFFECT_LATI_SPECIAL,0,0,,30,FLING_EFFECT_NONE
Space Mail,HOLD_EFFECT_NONE,0,0,,0,FLING_EFFECT_NONE
Spell Tag,HOLD_EFFECT_STRENGTHEN_GHOST,20,0,,30,FLING_EFFECT_NONE
Spelon Berry,HOLD_EFFECT_NONE,0,70,Dark,10,FLING_EFFECT_NONE
Splash Plate,HOLD_EFFECT_ARCEUS_WATER,20,0,,90,FLING_EFFECT_NONE
Spooky Plate,HOLD_EFFECT_ARCEUS_GHOST,20,0,,90,FLING_EFFECT_NONE
Sprayduck,HOLD_EFFECT_NONE,0,0,,0,FLING_EFFECT_NONE
Stable Mulch,HOLD_EFFECT_NONE,0,0,,30,FLING_EFFECT_NONE
Star Piece,HOLD_EFFECT_NONE,0,0,,30,FLING_EFFECT_NONE
Stardust,HOLD_EFFECT_NONE,0,0,,30,FLING_EFFECT_NONE
Starf Berry,HOLD_EFFECT_PINCH_RANDOM_UP,4,80,Psychic,10,FLING_EFFECT_RANDOM_UP2
Steel Mail,HOLD_EFFECT_NONE,0,0,,0,FLING_EFFECT_NONE
Stick,HOLD_EFFECT_FARFETCHD_CRITRATE_UP,0,0,,60,FLING_EFFECT_NONE
Sticky Barb,HOLD_EFFECT_DMG_USER_CONTACT_XFR,8,0,,80,FLING_EFFECT_NONE
Stone Plate,HOLD_EFFECT_ARCEUS_ROCK,20,0,,90,FLING_EFFECT_NONE
Storage Key,HOLD_EFFECT_NONE,0,0,,0,FLING_EFFECT_NONE
Suite Key,HOLD_EFFECT_NONE,0,0,,0,FLING_EFFECT_NONE
Sun Stone,HOLD_EFFECT_NONE,0,0,,30,FLING_EFFECT_NONE
Super Potion,HOLD_EFFECT_NONE,50,0,,30,FLING_EFFECT_NONE
Super Repel,HOLD_EFFECT_NONE,200,0,,30,FLING_EFFECT_NONE
Super Rod,HOLD_EFFECT_NONE,0,0,,0,FLING_EFFECT_NONE
Tamato Berry,HOLD_EFFECT_NONE,0,70,Psychic,10,FLING_EFFECT_NONE
Tanga Berry,HOLD_EFFECT_WEAKEN_SE_BUG,0,60,Bug,10,FLING_EFFECT_NONE
Thick Club,HOLD_EFFECT_CUBONE_ATK_UP,0,0,,90,FLING_EFFECT_NONE
Thunderstone,HOLD_EFFECT_NONE,0,0,,30,FLING_EFFECT_NONE
Timer Ball,HOLD_EFFECT_NONE,0,0,,0,FLING_EFFECT_NONE
TinyMushroom,HOLD_EFFECT_NONE,0,0,,30,FLING_EFFECT_NONE
TM01,HOLD_EFFECT_NONE,0,0,,0,FLING_EFFECT_NONE
TM02,HOLD_EFFECT_NONE,0,0,,0,FLING_EFFECT_NONE
TM03,HOLD_EFFECT_NONE,0,0,,0,FLING_EFFECT_NONE
TM04,HOLD_EFFECT_NONE,0,0,,0,FLING_EFFECT_NONE
TM05,HOLD_EFFECT_NONE,0,0,,0,FLING_EFFECT_NONE
TM06,HOLD_EFFECT_NONE,0,0,,0,FLING_EFFECT_NONE
TM07,HOLD_EFFECT_NONE,0,0,,0,FLING_EFFECT_NONE
TM08,HOLD_EFFECT_NONE,0,0,,0,FLING_EFFECT_NONE
TM09,HOLD_EFFECT_NONE,0,0,,0,FLING_EFFECT_NONE
TM10,HOLD_EFFECT_NONE,0,0,,0,FLING_EFFECT_NONE
TM11,HOLD_EFFECT_NONE,0,0,,0,FLING_EFFECT_NONE
TM12,HOLD_EFFECT_NONE,0,0,,0,FLING_EFFECT_NONE
TM13,HOLD_EFFECT_NONE,0,0,,0,FLING_EFFECT_NONE
TM14,HOLD_EFFECT_NONE,0,0,,0,FLING_EFFECT_NONE
TM15,HOLD_EFFECT_NONE,0,0,,0,FLING_EFFECT_NONE
TM16,HOLD_EFFECT_NONE,0,0,,0,FLING_EFFECT_NONE
TM17,HOLD_EFFECT_NONE,0,0,,0,FLING_EFFECT_NONE
TM18,HOLD_EFFECT_NONE,0,0,,0,FLING_EFFECT_NONE
TM19,HOLD_EFFECT_NONE,0,0,,0,FLING_EFFECT_NONE
TM20,HOLD_EFFECT_NONE,0,0,,0,FLING_EFFECT_NONE
TM21,HOLD_EFFECT_NONE,0,0,,0,FLING_EFFECT_NONE
TM22,HOLD_EFFECT_NONE,0,0,,0,FLING_EFFECT_NONE
TM23,HOLD_EFFECT_NONE,0,0,,0,FLING_EFFECT_NONE
TM24,HOLD_EFFECT_NONE,0,0,,0,FLING_EFFECT_NONE
TM25,HOLD_EFFECT_NONE,0,0,,0,FLING_EFFECT_NONE
TM26,HOLD_EFFECT_NONE,0,0,,0,FLING_EFFECT_NONE
TM27,HOLD_EFFECT_NONE,0,0,,0,FLING_EFFECT_NONE
TM28,HOLD_EFFECT_NONE,0,0,,0,FLING_EFFECT_NONE
TM29,HOLD_EFFECT_NONE,0,0,,0,FLING_EFFECT_NONE
TM30,HOLD_EFFECT_NONE,0,0,,0,FLING_EFFECT_NONE
TM31,HOLD_EFFECT_NONE,0,0,,0,FLING_EFFECT_NONE
TM32,HOLD_EFFECT_NONE,0,0,,0,FLING_EFFECT_NONE
TM33,HOLD_EFFECT_NONE,0,0,,0,FLING_EFFECT_NONE
TM34,HOLD_EFFECT_NONE,0,0,,0,FLING_EFFECT_NONE
TM35,HOLD_EFFECT_NONE,0,0,,0,FLING_EFFECT_NONE
TM36,HOLD_EFFECT_NONE,0,0,,0,FLING_EFFECT_NONE
TM37,HOLD_EFFECT_NONE,0,0,,0,FLING_EFFECT_NONE
TM38,HOLD_EFFECT_NONE,0,0,,0,FLING_EFFECT_NONE
TM39,HOLD_EFFECT_NONE,0,0,,0,FLING_EFFECT_NONE
TM40,HOLD_EFFECT_NONE,0,0,,0,FLING_EFFECT_NONE
TM41,HOLD_EFFECT_NONE,0,0,,0,FLING_EFFECT_NONE
TM42,HOLD_EFFECT_NONE,0,0,,0,FLING_EFFECT_NONE
TM43,HOLD_EFFECT_NONE,0,0,,0,FLING_EFFECT_NONE
TM44,HOLD_EFFECT_NONE,0,0,,0,FLING_EFFECT_NONE
TM45,HOLD_EFFECT_NONE,0,0,,0,FLING_EFFECT_NONE
TM46,HOLD_EFFECT_NONE,0,0,,0,FLING_EFFECT_NONE
TM47,HOLD_EFFECT_NONE,0,0,,0,FLING_EFFECT_NONE
TM48,HOLD_EFFECT_NONE,0,0,,0,FLING_EFFECT_NONE
TM49,HOLD_EFFECT_NONE,0,0,,0,FLING_EFFECT_NONE
TM50,HOLD_EFFECT_NONE,0,0,,0,FLING_EFFECT_NONE
TM51,HOLD_EFFECT_NONE,0,0,,0,FLING_EFFECT_NONE
TM52,HOLD_EFFECT_NONE,0,0,,0,FLING_EFFECT_NONE
TM53,HOLD_EFFECT_NONE,0,0,,0,FLING_EFFECT_NONE
TM54,HOLD_EFFECT_NONE,0,0,,0,FLING_EFFECT_NONE
TM55,HOLD_EFFECT_NONE,0,0,,0,FLING_EFFECT_NONE
TM56,HOLD_EFFECT_NONE,0,0,,0,FLING_EFFECT_NONE
TM57,HOLD_EFFECT_NONE,0,0,,0,FLING_EFFECT_NONE
TM58,HOLD_EFFECT_NONE,0,0,,0,FLING_EFFECT_NONE
TM59,HOLD_EFFECT_NONE,0,0,,0,FLING_EFFECT_NONE
TM60,HOLD_EFFECT_NONE,0,0,,0,FLING_EFFECT_NONE
TM61,HOLD_EFFECT_NONE,0,0,,0,FLING_EFFECT_NONE
TM62,HOLD_EFFECT_NONE,0,0,,0,FLING_EFFECT_NONE
TM63,HOLD_EFFECT_NONE,0,0,,0,FLING_EFFECT_NONE
TM64,HOLD_EFFECT_NONE,0,0,,0,FLING_EFFECT_NONE
TM65,HOLD_EFFECT_NONE,0,0,,0,FLING_EFFECT_NONE
TM66,HOLD_EFFECT_NONE,0,0,,0,FLING_EFFECT_NONE
TM67,HOLD_EFFECT_NONE,0,0,,0,FLING_EFFECT_NONE
TM68,HOLD_EFFECT_NONE,0,0,,0,FLING_EFFECT_NONE
TM69,HOLD_EFFECT_NONE,0,0,,0,FLING_EFFECT_NONE
TM70,HOLD_EFFECT_NONE,0,0,,0,FLING_EFFECT_NONE
TM71,HOLD_EFFECT_NONE,0,0,,0,FLING_EFFECT_NONE
TM72,HOLD_EFFECT_NONE,0,0,,0,FLING_EFFECT_NONE
TM73,HOLD_EFFECT_NONE,0,0,,0,FLING_EFFECT_NONE
TM74,HOLD_EFFECT_NONE,0,0,,0,FLING_EFFECT_NONE
TM75,HOLD_EFFECT_NONE,0,0,,0,FLING_EFFECT_NONE
TM76,HOLD_EFFECT_NONE,0,0,,0,FLING_EFFECT_NONE
TM77,HOLD_EFFECT_NONE,0,0,,0,FLING_EFFECT_NONE
TM78,HOLD_EFFECT_NONE,0,0,,0,FLING_EFFECT_NONE
TM79,HOLD_EFFECT_NONE,0,0,,0,FLING_EFFECT_NONE
TM80,HOLD_EFFECT_NONE,0,0,,0,FLING_EFFECT_NONE
TM81,HOLD_EFFECT_NONE,0,0,,0,FLING_EFFECT_NONE
TM82,HOLD_EFFECT_NONE,0,0,,0,FLING_EFFECT_NONE
TM83,HOLD_EFFECT_NONE,0,0,,0,FLING_EFFECT_NONE
TM84,HOLD_EFFECT_NONE,0,0,,0,FLING_EFFECT_NONE
TM85,HOLD_EFFECT_NONE,0,0,,0,FLING_EFFECT_NONE
TM86,HOLD_EFFECT_NONE,0,0,,0,FLING_EFFECT_NONE
TM87,HOLD_EFFECT_NONE,0,0,,0,FLING_EFFECT_NONE
TM88,HOLD_EFFECT_NONE,0,0,,0,FLING_EFFECT_NONE
TM89,HOLD_EFFECT_NONE,0,0,,0,FLING_EFFECT_NONE
TM90,HOLD_EFFECT_NONE,0,0,,0,FLING_EFFECT_NONE
TM91,HOLD_EFFECT_NONE,0,0,,0,FLING_EFFECT_NONE
TM92,HOLD_EFFECT_NONE,0,0,,0,FLING_EFFECT_NONE
Town Map,HOLD_EFFECT_NONE,0,0,,0,FLING_EFFECT_NONE
Toxic Orb,HOLD_EFFECT_PSN_USER,0,0,,30,FLING_EFFECT_BADLY_POISON
Toxic Plate,HOLD_EFFECT_ARCEUS_POISON,20,0,,90,FLING_EFFECT_NONE
Tunnel Mail,HOLD_EFFECT_NONE,0,0,,0,FLING_EFFECT_NONE
TwistedSpoon,HOLD_EFFECT_STRENGTHEN_PSYCHIC,20,0,,30,FLING_EFFECT_NONE
Ultra Ball,HOLD_EFFECT_NONE,0,0,,0,FLING_EFFECT_NONE
Up-Grade,HOLD_EFFECT_EVOLVE_PORYGON,0,0,,30,FLING_EFFECT_NONE
Vs. Recorder,HOLD_EFFECT_NONE,0,0,,0,FLING_EFFECT_NONE
Vs. Seeker,HOLD_EFFECT_NONE,0,0,,0,FLING_EFFECT_NONE
Wacan Berry,HOLD_EFFECT_WEAKEN_SE_ELECTRIC,0,60,Electric,10,FLING_EFFECT_NONE
Water Stone,HOLD_EFFECT_NONE,0,0,,30,FLING_EFFECT_NONE
Watmel Berry,HOLD_EFFECT_NONE,0,80,Fire,10,FLING_EFFECT_NONE
Wave Incense,HOLD_EFFECT_STRENGTHEN_WATER,20,0,,10,FLING_EFFECT_NONE
Wepear Berry,HOLD_EFFECT_NONE,0,70,Electric,10,FLING_EFFECT_NONE
White Flute,HOLD_EFFECT_NONE,150,0,,30,FLING_EFFECT_NONE
White Herb,HOLD_EFFECT_STATDOWN_RESTORE,0,0,,10,FLING_EFFECT_STATDOWN_RESTORE
Wide Lens,HOLD_EFFECT_ACCURACY_UP,10,0,,10,FLING_EFFECT_NONE
Wiki Berry,HOLD_EFFECT_HP_RESTORE_DRY,8,60,Rock,10,FLING_EFFECT_HP_RESTORE_DRY
Wise Glasses,HOLD_EFFECT_POWER_UP_SPEC,10,0,,10,FLING_EFFECT_NONE
Works Key,HOLD_EFFECT_NONE,0,0,,0,FLING_EFFECT_NONE
X Accuracy,HOLD_EFFECT_NONE,0,0,,30,FLING_EFFECT_NONE
X Attack,HOLD_EFFECT_NONE,0,0,,30,FLING_EFFECT_NONE
X Defend,HOLD_EFFECT_NONE,0,0,,30,FLING_EFFECT_NONE
X Sp. Def,HOLD_EFFECT_NONE,0,0,,30,FLING_EFFECT_NONE
X Special,HOLD_EFFECT_NONE,0,0,,30,FLING_EFFECT_NONE
X Speed,HOLD_EFFECT_NONE,0,0,,30,FLING_EFFECT_NONE
Yache Berry,HOLD_EFFECT_WEAKEN_SE_ICE,0,60,Ice,10,FLING_EFFECT_NONE
Yellow Flute,HOLD_EFFECT_NONE,0,0,,30,FLING_EFFECT_NONE
Yellow Scarf,HOLD_EFFECT_NONE,0,0,,10,FLING_EFFECT_NONE
Yellow Shard,HOLD_EFFECT_NONE,0,0,,30,FLING_EFFECT_NONE
Zap Plate,HOLD_EFFECT_ARCEUS_ELECTRIC,20,0,,90,FLING_EFFECT_NONE
Zinc,HOLD_EFFECT_NONE,0,0,,30,FLING_EFFECT_NONE
Zoom Lens,HOLD_EFFECT_ACCURACY_UP_SLOWER,20,0,,10,FLING_EFFECT_NONE
