Name,HP,Atk,Def,SpA,SpD,Spe,Type1,Type2,Ability1,Ability2,WeightHg,FemaleThreshold,ExpRate
Abomasnow,90,92,75,92,85,60,Grass,Ice,Snow Warning,Adaptability,1355,127,SLOW
Abra,25,20,15,105,55,90,Psychic,,Magic Guard,Magic Guard,195,63,MEDIUM_SLOW
Absol,70,130,60,115,60,95,Dark,,Super Luck,Super Luck,470,127,MEDIUM_SLOW
Aerodactyl,80,105,65,60,75,130,Rock,Flying,Rock Head,Rock Head,590,31,SLOW
Aggron,70,110,180,60,60,50,Steel,Rock,Rock Head,Rock Head,3600,127,SLOW
Aipom,55,70,55,40,55,85,Normal,,Technician,Technician,115,127,FAST
Alakazam,55,50,45,135,85,120,Psychic,,Magic Guard,Inner Focus,480,63,MEDIUM_SLOW
Altaria,75,80,90,80,105,80,Dragon,Flying,Serene Grace,,206,127,ERRATIC
Ambipom,75,100,66,60,66,115,Normal,,Technician,Technician,203,127,FAST
Ampharos,90,75,75,125,90,55,Electric,,No Guard,,615,127,MEDIUM_SLOW
Anorith,45,95,50,40,50,75,Rock,Bug,Swift Swim,Battle Armor,125,31,ERRATIC
Arbok,60,95,69,65,79,80,Poison,,Intimidate,Intimidate,650,127,MEDIUM_FAST
Arcanine,90,110,80,100,80,95,Fire,,Intimidate,Intimidate,1550,63,SLOW
Arceus,120,120,120,120,120,120,Normal,,Multitype,,3200,255,SLOW
Ariados,70,95,80,60,80,70,Bug,Poison,Intimidate,Insomnia,335,127,FAST
Armaldo,75,125,100,70,80,45,Rock,Bug,Swift Swim,Battle Armor,682,31,ERRATIC
Aron,50,70,120,40,40,30,Steel,Rock,Rock Head,Rock Head,600,127,SLOW
Articuno,90,85,100,125,115,85,Ice,Flying,Snow Cloak,Snow Warning,554,255,SLOW
Azelf,75,135,70,135,70,115,Psychic,,Levitate,,3,255,SLOW
Azumarill,100,60,80,50,80,50,Water,,Huge Power,Huge Power,285,127,FAST
Azurill,50,30,40,20,40,20,Normal,,Huge Power,Huge Power,20,191,FAST
Bagon,45,75,60,40,30,50,Dragon,,Rock Head,Rock Head,421,127,SLOW
Baltoy,40,40,55,40,70,55,Ground,Psychic,Levitate,,215,255,MEDIUM_FAST
Banette,64,125,65,83,63,85,Ghost,,Clear Body,Insomnia,125,127,FAST
Barboach,50,48,43,46,41,60,Water,Ground,Swift Swim,Swift Swim,19,127,MEDIUM_FAST
Bastiodon,80,92,168,7,138,30,Rock,Steel,Solid Rock,Battle Armor,1495,31,ERRATIC
Bayleef,60,62,80,63,80,60,Grass,,Overgrow,,158,31,MEDIUM_SLOW
Beautifly,60,70,50,100,50,65,Bug,Flying,Tinted Lens,Shield Dust,284,127,MEDIUM_FAST
Beedrill,65,90,40,45,80,75,Bug,Poison,Swarm,,295,127,MEDIUM_FAST
Beldum,40,55,80,35,60,30,Steel,Psychic,Clear Body,,952,255,SLOW
Bellossom,75,80,85,100,100,50,Grass,,Chlorophyll,,58,127,MEDIUM_SLOW
Bellsprout,50,75,35,70,30,40,Grass,Poison,Chlorophyll,,40,127,MEDIUM_SLOW
Bibarel,79,85,60,55,60,71,Normal,Water,Simple,Unaware,315,127,MEDIUM_FAST
Bidoof,59,45,40,35,40,31,Normal,,Simple,Unaware,200,127,MEDIUM_FAST
Blastoise,79,81,100,110,105,60,Water,,Torrent,Shell Armor,855,31,MEDIUM_SLOW
Blaziken,80,120,70,115,70,80,Fire,Fighting,Blaze,,520,31,MEDIUM_SLOW
Blissey,255,5,30,75,135,55,Normal,,Serene Grace,Serene Grace,468,254,FAST
Bonsly,50,80,95,10,45,10,Rock,,Rock Head,Rock Head,150,127,MEDIUM_FAST
Breloom,60,130,80,60,60,70,Grass,Fighting,Technician,Technician,392,127,FLUCTUATING
Bronzong,77,99,116,89,116,33,Steel,Psychic,Drizzle,Levitate,1870,255,MEDIUM_FAST
Bronzor,77,99,116,89,116,33,Steel,Psychic,Levitate,Levitate,605,255,MEDIUM_FAST
Budew,40,30,35,50,70,55,Grass,Poison,Natural Cure,Natural Cure,12,127,MEDIUM_SLOW
Buizel,55,65,35,60,30,85,Water,,Swift Swim,,295,127,MEDIUM_FAST
Bulbasaur,45,49,49,65,65,45,Grass,Poison,Overgrow,Overgrow,69,31,MEDIUM_SLOW
Buneary,55,66,44,44,56,85,Normal,,Scrappy,Scrappy,55,127,MEDIUM_FAST
Burmy,40,29,45,29,45,36,Bug,,Snow Cloak,,34,127,MEDIUM_FAST
Butterfree,60,45,50,90,80,70,Bug,Flying,Compound Eyes,,320,127,MEDIUM_FAST
Cacnea,50,85,60,85,60,35,Grass,,Sand Veil,,513,127,MEDIUM_SLOW
Cacturne,70,115,85,115,85,55,Grass,Dark,Sand Veil,,774,127,MEDIUM_SLOW
Camerupt,90,100,80,105,85,40,Fire,Ground,Drought,Solid Rock,2200,127,MEDIUM_FAST
Carnivine,74,105,72,100,72,70,Grass,,Chlorophyll,Levitate,270,127,SLOW
Carvanha,45,90,20,65,20,65,Water,Dark,Rough Skin,,208,127,SLOW
Cascoon,50,35,55,25,55,15,Bug,,Shed Skin,Shed Skin,115,127,MEDIUM_FAST
Castform,70,70,75,110,75,100,Normal,,Forecast,,8,127,MEDIUM_FAST
Caterpie,45,30,35,20,20,45,Bug,,Tinted Lens,,29,127,MEDIUM_FAST
Celebi,100,100,100,100,100,100,Psychic,Grass,Natural Cure,,50,255,MEDIUM_SLOW
Chansey,250,5,25,35,105,50,Normal,,Natural Cure,Natural Cure,346,254,FAST
Charizard,78,84,78,110,85,100,Fire,Flying,Solar Power,Blaze,905,31,MEDIUM_SLOW
Charmander,39,52,43,60,50,65,Fire,,Blaze,Blaze,85,31,MEDIUM_SLOW
Charmeleon,58,64,58,80,65,80,Fire,,Blaze,Blaze,190,31,MEDIUM_SLOW
Chatot,76,91,45,102,42,110,Normal,Flying,Scrappy,Scrappy,19,127,MEDIUM_SLOW
Cherrim,70,87,90,87,98,85,Grass,,Flower Gift,,93,127,MEDIUM_FAST
Cherubi,45,35,45,62,53,35,Grass,,Chlorophyll,,33,127,MEDIUM_FAST
Chikorita,45,49,65,49,65,45,Grass,,Overgrow,,64,31,MEDIUM_SLOW
Chimchar,44,58,44,58,44,61,Fire,,Blaze,Blaze,62,31,MEDIUM_SLOW
Chimecho,65,50,70,105,85,75,Psychic,,Levitate,,10,127,FAST
Chinchou,75,38,38,56,56,67,Water,Electric,Volt Absorb,Volt Absorb,120,127,SLOW
Chingling,45,30,50,65,50,45,Psychic,,Levitate,,6,127,FAST
Clamperl,35,64,85,74,55,32,Water,,Shell Armor,,525,127,ERRATIC
Claydol,80,80,105,80,120,80,Ground,Psychic,Levitate,,1080,255,MEDIUM_FAST
Clefable,95,70,73,95,90,65,Normal,,Magic Guard,Magic Guard,400,191,FAST
Clefairy,70,45,48,60,65,35,Normal,,Magic Guard,Magic Guard,75,191,FAST
Cleffa,50,25,28,45,55,15,Normal,,Magic Guard,Cute Charm,30,191,FAST
Cloyster,50,95,180,85,75,70,Water,Ice,Filter,Shell Armor,1325,127,SLOW
Combee,30,50,42,50,42,70,Bug,Flying,Honey Gather,,55,31,MEDIUM_SLOW
Combusken,60,85,60,85,60,55,Fire,Fighting,Blaze,,195,31,MEDIUM_SLOW
Corphish,43,80,65,50,35,35,Water,,Adaptability,Hyper Cutter,115,127,FLUCTUATING
Corsola,65,95,105,65,105,35,Water,Rock,Solid Rock,Solid Rock,50,191,FAST
Cradily,86,81,97,81,107,43,Rock,Grass,Solid Rock,,604,31,ERRATIC
Cranidos,67,125,50,10,40,58,Rock,,Rock Head,Mold Breaker,315,31,ERRATIC
Crawdaunt,63,120,85,90,55,55,Water,Dark,Adaptability,Hyper Cutter,328,127,FLUCTUATING
Cresselia,120,70,120,75,130,85,Psychic,,Levitate,,856,254,SLOW
Croagunk,48,61,40,61,40,50,Poison,Fighting,Dry Skin,Dry Skin,230,127,MEDIUM_FAST
Crobat,85,90,80,70,80,130,Poison,Flying,Inner Focus,,750,127,MEDIUM_FAST
Croconaw,65,80,80,59,63,58,Water,,Torrent,Torrent,250,31,MEDIUM_SLOW
Cubone,50,50,95,40,50,35,Ground,,Lightning Rod,Rock Head,65,127,MEDIUM_FAST
Cyndaquil,39,52,43,60,50,65,Fire,,Blaze,,79,31,MEDIUM_SLOW
Darkrai,70,90,90,135,90,125,Dark,,Bad Dreams,,505,255,SLOW
Delcatty,70,80,75,80,75,112,Normal,,Cute Charm,Cute Charm,326,191,FAST
Delibird,45,85,45,85,45,85,Ice,Flying,Adaptability,Adaptability,160,127,FAST
Deoxys,90,150,70,150,70,150,Psychic,,Magic Guard,,608,255,SLOW
Deoxys-Attack,90,200,20,200,20,150,Psychic,,Magic Guard,,608,255,SLOW
Deoxys-Defense,90,100,150,100,150,90,Psychic,,Magic Guard,,608,255,SLOW
Deoxys-Speed,90,100,100,100,100,190,Psychic,,Magic Guard,,608,255,SLOW
Dewgong,90,70,80,70,95,70,Water,Ice,Swift Swim,Ice Body,1200,127,MEDIUM_FAST
Dialga,100,120,120,150,100,90,Steel,Dragon,Pressure,,6830,255,SLOW
Diglett,10,55,25,35,45,95,Ground,,Arena Trap,Arena Trap,8,127,MEDIUM_FAST
Ditto,100,100,100,100,100,100,Normal,,Shadow Tag,,40,255,MEDIUM_FAST
Dodrio,70,120,70,60,60,110,Normal,Flying,Quick Feet,Tangled Feet,852,127,MEDIUM_FAST
Doduo,35,85,45,35,35,75,Normal,Flying,Tangled Feet,Tangled Feet,392,127,MEDIUM_FAST
Donphan,95,120,130,55,60,50,Ground,,Battle Armor,,1200,127,MEDIUM_FAST
Dragonair,61,84,65,70,70,70,Dragon,,Drizzle,Shed Skin,165,127,SLOW
Dragonite,91,134,95,100,100,85,Dragon,Flying,Thick Fat,Thick Fat,2100,127,SLOW
Drapion,70,90,110,60,75,95,Poison,Dark,Sand Veil,Hyper Cutter,615,127,SLOW
Dratini,41,64,45,50,50,50,Dragon,,Shed Skin,Shed Skin,33,127,SLOW
Drifblim,150,80,44,90,54,80,Ghost,Flying,Unburden,Unburden,150,127,FLUCTUATING
Drifloon,90,50,34,60,44,70,Ghost,Flying,Unburden,Unburden,12,127,FLUCTUATING
Drowzee,60,48,45,43,90,42,Psychic,,Bad Dreams,Bad Dreams,324,127,MEDIUM_FAST
Dugtrio,35,100,50,50,70,120,Ground,,Arena Trap,Arena Trap,333,127,MEDIUM_FAST
Dunsparce,100,90,80,85,80,55,Normal,,Serene Grace,Serene Grace,140,127,MEDIUM_FAST
Dusclops,75,90,130,40,130,25,Ghost,,Pressure,,306,127,FAST
Dusknoir,105,100,135,35,135,45,Ghost,,Levitate,,1066,127,FAST
Duskull,40,40,90,40,90,25,Ghost,,Levitate,,150,127,FAST
Dustox,60,50,70,70,90,65,Bug,Poison,Tinted Lens,Shield Dust,316,127,MEDIUM_FAST
Eevee,55,55,50,45,65,55,Normal,,Adaptability,Adaptability,65,31,MEDIUM_FAST
Ekans,35,60,44,40,54,55,Poison,,Intimidate,Intimidate,69,127,MEDIUM_FAST
Electabuzz,65,87,57,95,85,105,Electric,,Static,,300,63,MEDIUM_FAST
Electivire,75,123,67,95,85,105,Electric,,Adaptability,,1386,63,MEDIUM_FAST
Electrike,40,45,40,65,40,65,Electric,,Lightning Rod,Lightning Rod,152,127,SLOW
Electrode,60,50,70,80,80,140,Electric,,Aftermath,Aftermath,666,255,MEDIUM_FAST
Elekid,45,63,37,65,55,95,Electric,,Static,,235,63,MEDIUM_FAST
Empoleon,84,111,93,86,101,60,Water,Steel,Swift Swim,Torrent,845,31,MEDIUM_SLOW
Entei,115,135,85,90,75,100,Fire,,Pressure,,1980,255,SLOW
Espeon,65,65,60,130,95,110,Psychic,,Synchronize,Synchronize,265,31,MEDIUM_FAST
Exeggcute,60,40,80,60,45,40,Grass,Psychic,Chlorophyll,,25,127,SLOW
Exeggutor,95,95,85,125,85,55,Grass,Psychic,Chlorophyll,,1200,127,SLOW
Exploud,104,101,73,101,73,78,Normal,,Scrappy,Soundproof,840,127,MEDIUM_SLOW
Farfetch'd,52,95,85,58,82,65,Normal,Flying,Super Luck,Scrappy,150,127,MEDIUM_FAST
Fearow,65,110,75,61,61,100,Normal,Flying,Sniper,,380,127,MEDIUM_FAST
Feebas,20,15,20,10,55,80,Water,,Swift Swim,,74,127,ERRATIC
Feraligatr,85,125,100,64,85,81,Water,,Intimidate,Battle Armor,888,31,MEDIUM_SLOW
Finneon,49,49,56,49,61,66,Water,,Swift Swim,Chlorophyll,70,127,ERRATIC
Flaaffy,70,55,55,80,60,45,Electric,,Static,,133,127,MEDIUM_SLOW
Flareon,65,130,60,95,110,65,Fire,,Adaptability,Adaptability,250,31,MEDIUM_FAST
Floatzel,85,105,55,85,50,115,Water,,Swift Swim,,335,127,MEDIUM_FAST
Flygon,80,100,80,110,80,100,Ground,Dragon,Sand Stream,Levitate,820,127,MEDIUM_SLOW
Forretress,75,90,140,60,90,40,Bug,Steel,Heatproof,,1258,127,MEDIUM_FAST
Froslass,80,80,70,110,70,110,Ice,Ghost,Snow Cloak,Snow Cloak,266,254,MEDIUM_FAST
Furret,85,86,64,45,55,90,Normal,,Adaptability,Adaptability,325,127,MEDIUM_FAST
Gabite,68,90,65,50,55,82,Dragon,Ground,Sand Veil,Shed Skin,560,127,SLOW
Gallade,68,125,65,65,115,80,Psychic,Fighting,Hyper Cutter,Steadfast,520,0,SLOW
Garchomp,108,130,95,85,85,102,Dragon,Ground,Sand Veil,Rough Skin,950,127,SLOW
Gardevoir,68,65,65,135,115,80,Psychic,,Magic Guard,Trace,484,127,SLOW
Gastly,30,35,30,100,35,80,Ghost,Poison,Levitate,,1,127,MEDIUM_SLOW
Gastrodon,111,83,68,92,82,39,Water,Ground,Dry Skin,Dry Skin,299,127,MEDIUM_FAST
Gengar,60,65,60,130,75,110,Ghost,Poison,Shadow Tag,,405,127,MEDIUM_SLOW
Geodude,55,80,110,30,30,20,Rock,Ground,Rock Head,Rough Skin,200,127,MEDIUM_SLOW
Gible,58,70,45,40,45,42,Dragon,Ground,Sand Veil,Rough Skin,205,127,SLOW
Girafarig,85,100,70,110,70,85,Normal,Psychic,Quick Feet,Quick Feet,415,127,MEDIUM_FAST
Giratina,150,100,120,100,120,90,Ghost,Dragon,Pressure,,7500,255,SLOW
Giratina-Origin,150,120,100,120,100,90,Ghost,Dragon,Levitate,,6500,255,SLOW
Glaceon,65,60,110,130,95,65,Ice,,Snow Cloak,Ice Body,259,31,MEDIUM_FAST
Glalie,80,80,80,100,80,100,Ice,,Solid Rock,Ice Body,2565,127,MEDIUM_FAST
Glameow,49,55,42,42,37,85,Normal,,Limber,Limber,39,191,FAST
Gligar,65,75,105,35,65,85,Ground,Flying,Sand Veil,Sand Veil,648,127,MEDIUM_SLOW
Gliscor,75,95,125,45,75,95,Ground,Flying,Sand Veil,Sand Veil,425,127,MEDIUM_SLOW
Gloom,60,65,70,85,75,40,Grass,Poison,Chlorophyll,,86,127,MEDIUM_SLOW
Golbat,75,80,70,65,75,90,Poison,Flying,Inner Focus,,550,127,MEDIUM_FAST
Goldeen,45,67,60,35,50,63,Water,,Swift Swim,Swift Swim,150,127,MEDIUM_FAST
Golduck,80,82,78,95,80,85,Water,,Swift Swim,Swift Swim,766,127,MEDIUM_FAST
Golem,85,130,140,55,65,45,Rock,Ground,Shell Armor,Shell Armor,3000,127,MEDIUM_SLOW
Gorebyss,55,84,105,114,75,52,Water,,Swift Swim,,226,127,ERRATIC
Granbull,90,120,75,60,60,45,Normal,,Intimidate,Intimidate,487,191,FAST
Graveler,75,110,130,45,65,45,Rock,Ground,Rock Head,Rough Skin,1050,127,MEDIUM_SLOW
Grimer,80,80,50,40,75,25,Poison,,Aftermath,Aftermath,300,127,MEDIUM_FAST
Grotle,75,89,85,55,65,36,Grass,,Leaf Guard,Shell Armor,970,31,MEDIUM_SLOW
Groudon,100,150,140,100,90,90,Ground,,Drought,,9500,255,SLOW
Grovyle,50,65,45,85,65,95,Grass,,Overgrow,,216,31,MEDIUM_SLOW
Growlithe,55,70,45,70,50,60,Fire,,Intimidate,Intimidate,190,63,SLOW
Grumpig,80,75,65,90,110,80,Psychic,,Thick Fat,Own Tempo,715,127,FAST
Gulpin,70,43,53,43,53,40,Poison,,Gluttony,Gluttony,103,127,FLUCTUATING
Gyarados,95,125,79,75,100,81,Water,Flying,Intimidate,,2350,127,SLOW
Happiny,100,5,5,15,65,30,Normal,,Natural Cure,Serene Grace,244,254,FAST
Hariyama,144,120,60,40,60,50,Fighting,,Guts,Guts,2538,63,FLUCTUATING
Haunter,60,50,60,115,75,110,Ghost,Poison,Levitate,,1,127,MEDIUM_SLOW
Heatran,91,90,106,130,106,77,Fire,Steel,Flash Fire,,4300,127,SLOW
Heracross,80,125,75,40,95,85,Bug,Fighting,Guts,Guts,540,127,SLOW
Hippopotas,68,72,78,38,42,32,Ground,,Sand Stream,Thick Fat,495,127,SLOW
Hippowdon,108,112,118,68,72,47,Ground,,Sand Stream,Thick Fat,3000,127,SLOW
Hitmonchan,50,105,79,35,110,76,Fighting,,Scrappy,Scrappy,502,0,MEDIUM_FAST
Hitmonlee,50,120,53,35,110,87,Fighting,,Quick Feet,Quick Feet,498,0,MEDIUM_FAST
Hitmontop,50,95,95,35,110,70,Fighting,,Technician,Technician,480,0,MEDIUM_FAST
Ho-Oh,106,130,90,110,154,90,Fire,Flying,Magic Guard,,1990,255,SLOW
Honchkrow,100,125,62,100,62,91,Dark,Flying,Super Luck,Super Luck,273,127,MEDIUM_SLOW
Hoothoot,60,36,30,36,56,50,Normal,Flying,Insomnia,Insomnia,212,127,MEDIUM_FAST
Hoppip,35,35,40,35,55,50,Grass,Flying,Chlorophyll,Chlorophyll,5,127,MEDIUM_SLOW
Horsea,30,40,70,70,25,60,Water,,Swift Swim,Swift Swim,80,127,MEDIUM_FAST
Houndoom,75,90,50,120,80,105,Dark,Fire,Solar Power,Solar Power,350,127,SLOW
Houndour,45,60,30,80,50,65,Dark,Fire,Solar Power,Solar Power,108,127,SLOW
Huntail,55,114,105,84,75,52,Water,,Swift Swim,,270,127,ERRATIC
Hypno,85,93,70,93,115,67,Psychic,,Bad Dreams,Bad Dreams,756,127,MEDIUM_FAST
Igglybuff,90,45,20,45,25,20,Normal,,Cute Charm,,10,191,FAST
Illumise,65,77,55,73,75,85,Bug,,Tinted Lens,Tinted Lens,177,254,FLUCTUATING
Infernape,77,104,71,104,71,108,Fire,Fighting,Iron Fist,Blaze,550,31,MEDIUM_SLOW
Ivysaur,60,62,63,80,80,60,Grass,Poison,Overgrow,Overgrow,130,31,MEDIUM_SLOW
Jigglypuff,115,45,38,60,55,20,Normal,,Aftermath,,55,191,FAST
Jirachi,100,100,100,100,100,100,Steel,Psychic,Serene Grace,,11,255,SLOW
Jolteon,65,65,60,110,95,130,Electric,,Static,Rough Skin,245,31,MEDIUM_FAST
Jumpluff,75,55,70,55,85,110,Grass,Flying,Chlorophyll,Chlorophyll,30,127,MEDIUM_SLOW
Jynx,65,50,57,115,113,95,Ice,Psychic,Snow Cloak,Snow Cloak,406,254,MEDIUM_FAST
Kabuto,30,80,90,55,45,55,Rock,Water,Swift Swim,Battle Armor,115,31,MEDIUM_FAST
Kabutops,60,115,105,65,70,80,Rock,Water,Swift Swim,Battle Armor,405,31,MEDIUM_FAST
Kadabra,55,35,45,120,85,120,Psychic,,Magic Guard,Inner Focus,565,63,MEDIUM_SLOW
Kakuna,45,25,50,25,55,35,Bug,Poison,Shed Skin,,100,127,MEDIUM_FAST
Kangaskhan,105,95,80,40,80,90,Normal,,Scrappy,Scrappy,800,254,MEDIUM_FAST
Kecleon,65,90,135,60,135,40,Normal,,Adaptability,Color Change,220,127,MEDIUM_SLOW
Kingdra,75,95,95,95,95,85,Water,Dragon,Swift Swim,Swift Swim,1520,127,MEDIUM_FAST
Kingler,55,130,115,50,50,75,Water,,Swift Swim,Hyper Cutter,600,127,MEDIUM_FAST
Kirlia,38,35,35,65,55,50,Psychic,,Trace,Trace,202,127,SLOW
Koffing,40,65,95,60,45,35,Poison,,Levitate,,10,127,MEDIUM_FAST
Krabby,30,105,90,25,25,50,Water,,Hyper Cutter,Hyper Cutter,65,127,MEDIUM_FAST
Kricketot,37,25,41,25,41,25,Bug,,Shed Skin,,22,127,MEDIUM_SLOW
Kricketune,77,85,51,55,51,65,Bug,,Hyper Cutter,,255,127,MEDIUM_SLOW
Kyogre,100,100,90,150,140,90,Water,,Drizzle,,3520,255,SLOW
Lairon,60,90,140,50,50,40,Steel,Rock,Rock Head,Rock Head,1200,127,SLOW
Lanturn,125,58,58,76,76,67,Water,Electric,Volt Absorb,Volt Absorb,225,127,SLOW
Lapras,130,95,80,95,95,60,Water,Ice,Serene Grace,Shell Armor,2200,127,SLOW
Larvitar,50,64,50,45,50,41,Rock,Ground,Guts,Guts,720,127,SLOW
Latias,80,80,90,110,130,110,Dragon,Psychic,Levitate,,400,254,SLOW
Latios,80,90,80,130,110,110,Dragon,Psychic,Levitate,,600,0,SLOW
Leafeon,65,110,130,60,65,95,Grass,,Magic Guard,Natural Cure,255,31,MEDIUM_FAST
Ledian,55,85,50,55,110,85,Bug,Flying,Iron Fist,Iron Fist,356,127,FAST
Ledyba,40,50,30,40,80,55,Bug,Flying,Swarm,Swarm,108,127,FAST
Lickilicky,110,85,95,80,95,50,Normal,,Poison Heal,Guts,1400,127,MEDIUM_FAST
Lickitung,90,60,75,60,75,30,Normal,,Gluttony,Gluttony,655,127,MEDIUM_FAST
Lileep,66,41,77,61,87,23,Rock,Grass,Solid Rock,,238,31,ERRATIC
Linoone,78,70,61,50,61,100,Normal,,Gluttony,Gluttony,325,127,MEDIUM_FAST
Lombre,60,50,50,60,70,50,Water,Grass,Swift Swim,Rain Dish,325,127,MEDIUM_SLOW
Lopunny,65,86,84,54,116,105,Normal,,Scrappy,Scrappy,333,127,MEDIUM_FAST
Lotad,40,30,30,40,50,30,Water,Grass,Swift Swim,Rain Dish,26,127,MEDIUM_SLOW
Loudred,84,71,43,71,43,48,Normal,,Scrappy,Soundproof,405,127,MEDIUM_SLOW
Lucario,70,110,70,115,70,90,Fighting,Steel,Iron Fist,Adaptability,540,31,MEDIUM_SLOW
Ludicolo,80,70,70,90,100,70,Water,Grass,Swift Swim,Rain Dish,550,127,MEDIUM_SLOW
Lugia,106,90,130,90,154,110,Psychic,Flying,Filter,,2160,255,SLOW
Lumineon,69,85,76,75,86,91,Water,,Swift Swim,Chlorophyll,240,127,ERRATIC
Lunatone,90,55,75,95,85,70,Rock,Psychic,Levitate,,1680,255,FAST
Luvdisc,43,30,55,40,65,97,Water,,Swift Swim,,87,191,FAST
Luxio,60,85,49,60,49,60,Electric,,Hyper Cutter,Hyper Cutter,305,127,MEDIUM_SLOW
Luxray,80,120,79,70,79,95,Electric,,Tinted Lens,Reckless,420,127,MEDIUM_SLOW
Machamp,90,140,80,65,85,55,Fighting,,No Guard,No Guard,1300,63,MEDIUM_SLOW
Machoke,80,55,70,50,70,45,Fighting,,Huge Power,Huge Power,705,63,MEDIUM_SLOW
Machop,70,75,50,35,35,35,Fighting,,No Guard,No Guard,195,63,MEDIUM_SLOW
Magby,45,75,37,70,55,83,Fire,,Flame Body,,214,63,MEDIUM_FAST
Magcargo,70,80,120,109,100,30,Fire,Rock,Drought,Solid Rock,550,127,MEDIUM_FAST
Magikarp,20,10,55,15,20,80,Water,,Swift Swim,,100,127,SLOW
Magmar,65,95,57,100,85,93,Fire,,Flame Body,Flame Body,445,63,MEDIUM_FAST
Magmortar,75,95,67,125,95,93,Fire,,Flame Body,Flame Body,680,63,MEDIUM_FAST
Magnemite,25,35,70,95,55,45,Electric,Steel,Magnet Pull,Magnet Pull,60,255,MEDIUM_FAST
Magneton,50,60,95,120,70,70,Electric,Steel,Magnet Pull,Magnet Pull,600,255,MEDIUM_FAST
Magnezone,70,70,115,130,90,60,Electric,Steel,Levitate,Magnet Pull,1800,255,MEDIUM_FAST
Makuhita,72,60,30,20,30,25,Fighting,,Guts,Guts,864,63,FLUCTUATING
Mamoswine,110,135,80,70,80,80,Ice,Ground,Thick Fat,Thick Fat,2910,127,SLOW
Manaphy,100,100,100,100,100,100,Water,,Hydration,,14,255,SLOW
Manectric,70,75,60,105,60,105,Electric,,Lightning Rod,Lightning Rod,402,127,SLOW
Mankey,40,80,35,35,45,70,Fighting,,Reckless,Reckless,280,127,MEDIUM_FAST
Mantine,85,40,80,80,140,70,Water,Flying,Swift Swim,Swift Swim,2200,127,SLOW
Mantyke,45,20,50,60,120,50,Water,Flying,Swift Swim,Swift Swim,650,127,SLOW
Mareep,55,40,40,65,45,35,Electric,,Static,,78,127,MEDIUM_SLOW
Marill,70,40,50,20,50,40,Water,,Huge Power,Huge Power,85,127,FAST
Marowak,60,80,110,50,80,45,Ground,,Lightning Rod,Rock Head,450,127,MEDIUM_FAST
Marshtomp,70,85,70,60,70,50,Water,Ground,Torrent,Torrent,280,31,MEDIUM_SLOW
Masquerain,70,80,62,100,82,60,Bug,Flying,Intimidate,,36,127,MEDIUM_FAST
Mawile,50,105,85,55,55,50,Steel,,Intimidate,Intimidate,115,127,FAST
Medicham,60,75,75,60,75,80,Fighting,Psychic,Pure Power,,315,127,MEDIUM_FAST
Meditite,30,45,55,40,55,60,Fighting,Psychic,Pure Power,,112,127,MEDIUM_FAST
Meganium,91,89,90,100,90,80,Grass,,Thick Fat,,1005,31,MEDIUM_SLOW
Meowth,40,45,35,40,40,90,Normal,,Super Luck,Limber,42,127,MEDIUM_FAST
Mesprit,80,110,110,110,110,80,Psychic,,Magic Guard,,3,255,SLOW
Metagross,80,135,130,100,90,70,Steel,Psychic,Clear Body,,5500,255,SLOW
Metang,60,85,100,55,80,50,Steel,Psychic,Clear Body,,2025,255,SLOW
Metapod,50,20,55,25,55,30,Bug,,Shed Skin,,99,127,MEDIUM_FAST
Mew,100,100,100,100,100,100,Psychic,,Simple,Magic Guard,40,255,MEDIUM_SLOW
Mewtwo,106,110,90,154,90,130,Psychic,,Insomnia,,1220,255,SLOW
Mightyena,70,100,70,60,70,70,Dark,,Intimidate,Intimidate,370,127,MEDIUM_FAST
Milotic,95,60,79,100,125,81,Water,,Filter,Marvel Scale,1620,127,ERRATIC
Miltank,95,90,105,40,70,100,Normal,,Scrappy,Scrappy,755,254,SLOW
Mime Jr.,20,25,45,70,90,60,Psychic,,Filter,Filter,130,127,MEDIUM_FAST
Minun,60,40,50,75,85,95,Electric,,Minus,,42,127,MEDIUM_FAST
Misdreavus,60,60,60,85,85,85,Ghost,,Levitate,,10,127,FAST
Mismagius,60,60,60,115,105,105,Ghost,,Levitate,,44,127,FAST
Moltres,90,100,90,125,105,90,Fire,Flying,Drought,Pressure,600,255,SLOW
Monferno,64,78,52,78,52,81,Fire,Fighting,Blaze,Blaze,220,31,MEDIUM_SLOW
Mothim,70,94,50,94,50,66,Bug,Flying,Tinted Lens,,233,0,MEDIUM_FAST
Mr. Mime,65,25,95,100,120,90,Psychic,,Filter,Filter,545,127,MEDIUM_FAST
Mudkip,50,55,50,50,50,40,Water,,Huge Power,Huge Power,76,31,MEDIUM_SLOW
Muk,105,105,75,65,100,50,Poison,,Aftermath,Aftermath,300,127,MEDIUM_FAST
Munchlax,135,85,40,40,85,5,Normal,,Guts,Gluttony,1050,31,SLOW
Murkrow,60,85,42,85,42,91,Dark,Flying,Super Luck,Super Luck,21,127,MEDIUM_SLOW
Natu,40,50,45,70,45,70,Psychic,Flying,Magic Guard,Magic Guard,20,127,MEDIUM_FAST
Nidoking,81,102,87,95,85,85,Poison,Ground,Mold Breaker,Mold Breaker,620,0,MEDIUM_SLOW
Nidoqueen,90,92,97,85,95,76,Poison,Ground,Battle Armor,Battle Armor,600,254,MEDIUM_SLOW
Nidoran-F,55,47,52,40,40,41,Poison,,Poison Point,Rivalry,70,254,MEDIUM_SLOW
Nidoran-M,46,57,40,40,40,50,Poison,,Poison Point,Rivalry,90,0,MEDIUM_SLOW
Nidorina,70,62,67,55,55,56,Poison,,Poison Point,Rivalry,200,254,MEDIUM_SLOW
Nidorino,61,72,57,55,55,65,Poison,,Poison Point,Rivalry,195,0,MEDIUM_SLOW
Nincada,31,45,90,30,30,40,Bug,Ground,Compound Eyes,,55,127,ERRATIC
Ninetales,79,89,79,109,99,100,Fire,,Magic Guard,,199,191,MEDIUM_FAST
Ninjask,61,100,45,50,50,160,Bug,Flying,Speed Boost,,120,127,ERRATIC
Noctowl,100,86,50,86,96,70,Normal,Flying,Tinted Lens,Tinted Lens,408,127,MEDIUM_FAST
Nosepass,30,45,135,45,90,30,Rock,,Solid Rock,Solid Rock,970,127,MEDIUM_FAST
Numel,60,60,40,65,45,35,Fire,Ground,Drought,Simple,240,127,MEDIUM_FAST
Nuzleaf,70,70,40,60,40,60,Grass,Dark,Chlorophyll,Chlorophyll,280,127,MEDIUM_SLOW
Octillery,84,108,88,108,88,48,Water,,Rock Head,Rock Head,285,127,MEDIUM_FAST
Oddish,45,50,55,75,65,30,Grass,Poison,Chlorophyll,,54,127,MEDIUM_SLOW
Omanyte,35,40,100,90,55,35,Rock,Water,Swift Swim,Shell Armor,75,31,MEDIUM_FAST
Omastar,70,60,125,115,70,55,Rock,Water,Swift Swim,Shell Armor,350,31,MEDIUM_FAST
Onix,55,80,160,10,55,70,Rock,Ground,Rock Head,Rock Head,2100,127,MEDIUM_FAST
Pachirisu,60,65,70,65,90,95,Electric,,Adaptability,Adaptability,39,127,MEDIUM_FAST
Palkia,90,120,100,150,120,100,Water,Dragon,Pressure,,3360,255,SLOW
Paras,35,70,55,45,55,25,Bug,Grass,Dry Skin,Dry Skin,54,127,MEDIUM_FAST
Parasect,60,95,80,60,80,30,Bug,Grass,Dry Skin,Dry Skin,295,127,MEDIUM_FAST
Pelipper,60,80,100,95,70,65,Water,Flying,Unburden,,280,127,MEDIUM_FAST
Persian,65,92,60,65,65,115,Normal,,Super Luck,Limber,320,127,MEDIUM_FAST
Phanpy,90,60,60,40,40,40,Ground,,Dry Skin,,335,127,MEDIUM_FAST
Phione,80,90,90,90,90,80,Water,,Hydration,,31,255,SLOW
Pichu,20,40,15,35,35,60,Electric,,Static,,20,127,MEDIUM_FAST
Pidgeot,83,100,75,100,70,101,Normal,Flying,Intimidate,Intimidate,395,127,MEDIUM_SLOW
Pidgeotto,63,60,55,50,50,71,Normal,Flying,Tangled Feet,Tangled Feet,300,127,MEDIUM_SLOW
Pidgey,40,45,40,35,35,56,Normal,Flying,Tangled Feet,Tangled Feet,18,127,MEDIUM_SLOW
Pikachu,35,55,30,50,40,90,Electric,,Reckless,,60,127,MEDIUM_FAST
Piloswine,100,110,80,60,60,80,Ice,Ground,Snow Cloak,Snow Cloak,558,127,SLOW
Pineco,50,65,90,35,35,15,Bug,,Rough Skin,,72,127,MEDIUM_FAST
Pinsir,65,125,100,55,70,85,Bug,,Hyper Cutter,Mold Breaker,550,127,SLOW
Piplup,53,61,53,51,56,40,Water,,Torrent,Torrent,52,31,MEDIUM_SLOW
Plusle,60,50,40,85,75,95,Electric,,Plus,,42,127,MEDIUM_FAST
Politoed,90,85,75,90,100,90,Water,,Swift Swim,Swift Swim,339,127,MEDIUM_SLOW
Poliwag,40,50,40,40,40,90,Water,,Swift Swim,Swift Swim,124,127,MEDIUM_SLOW
Poliwhirl,65,65,65,50,50,90,Water,,Swift Swim,Swift Swim,200,127,MEDIUM_SLOW
Poliwrath,90,95,95,70,90,90,Water,Fighting,Swift Swim,Swift Swim,540,127,MEDIUM_SLOW
Ponyta,50,85,55,65,65,90,Fire,,Reckless,Reckless,300,127,MEDIUM_FAST
Poochyena,35,55,35,30,30,35,Dark,,Quick Feet,Quick Feet,136,127,MEDIUM_FAST
Porygon,65,60,70,85,75,40,Normal,,Download,Download,365,255,MEDIUM_FAST
Porygon-Z,85,80,70,135,75,90,Normal,,Download,Download,340,255,MEDIUM_FAST
Porygon2,85,80,90,105,95,60,Normal,,Trace,Trace,325,255,MEDIUM_FAST
Primeape,75,115,80,50,90,95,Fighting,,Reckless,Reckless,320,127,MEDIUM_FAST
Prinplup,64,81,68,66,76,50,Water,,Swift Swim,Torrent,230,31,MEDIUM_SLOW
Probopass,70,75,145,75,150,40,Rock,Steel,Solid Rock,Solid Rock,3400,127,MEDIUM_FAST
Psyduck,50,52,48,65,50,55,Water,,Simple,Unaware,196,127,MEDIUM_FAST
Pupitar,70,84,70,65,70,51,Rock,Ground,Shed Skin,Shed Skin,1520,127,SLOW
Purugly,91,82,74,64,69,112,Normal,,Limber,Thick Fat,438,191,FAST
Quagsire,95,85,85,65,65,35,Water,Ground,Simple,Poison Point,750,127,MEDIUM_FAST
Quilava,58,64,58,80,65,80,Fire,,Blaze,,190,31,MEDIUM_SLOW
Qwilfish,75,115,95,65,65,85,Water,Poison,Swift Swim,Swift Swim,39,127,MEDIUM_FAST
Raichu,60,90,60,90,85,110,Electric,,Lightning Rod,,300,127,MEDIUM_FAST
Raikou,90,85,75,135,100,115,Electric,,Pressure,,1780,255,SLOW
Ralts,28,25,25,45,35,40,Psychic,,Trace,Trace,66,127,SLOW
Rampardos,97,180,80,15,70,58,Rock,,Rock Head,Mold Breaker,1025,31,ERRATIC
Rapidash,70,105,75,85,85,110,Fire,,Reckless,Reckless,950,127,MEDIUM_FAST
Raticate,55,81,60,50,70,97,Normal,,Guts,Guts,185,127,MEDIUM_FAST
Rattata,30,56,35,25,35,72,Normal,,Guts,Guts,35,127,MEDIUM_FAST
Rayquaza,105,150,90,150,90,95,Dragon,Flying,Air Lock,,2065,255,SLOW
Regice,80,50,100,120,200,50,Ice,,Filter,Ice Body,1750,255,SLOW
Regigigas,110,160,110,80,110,100,Normal,,Clear Body,,4200,255,SLOW
Regirock,80,120,200,50,100,50,Rock,,Solid Rock,Clear Body,2300,255,SLOW
Registeel,80,80,200,35,200,5,Steel,,Filter,Clear Body,2050,255,SLOW
Relicanth,100,90,130,45,65,55,Water,Rock,Swift Swim,Rock Head,234,31,SLOW
Remoraid,35,65,35,65,35,65,Water,,Sniper,Sniper,120,127,MEDIUM_FAST
Rhydon,105,130,120,45,45,40,Ground,Rock,Lightning Rod,Rock Head,1200,127,SLOW
Rhyhorn,80,85,95,30,30,25,Ground,Rock,Lightning Rod,Rock Head,1150,127,SLOW
Rhyperior,115,140,130,55,55,40,Ground,Rock,Solid Rock,Solid Rock,2828,127,SLOW
Riolu,40,70,40,35,40,60,Fighting,,Adaptability,Adaptability,202,31,MEDIUM_SLOW
Roselia,50,60,45,100,80,65,Grass,Poison,Natural Cure,Natural Cure,20,127,MEDIUM_SLOW
Roserade,60,70,55,125,105,90,Grass,Poison,Natural Cure,Natural Cure,145,127,MEDIUM_SLOW
Rotom,50,65,107,105,107,91,Electric,Ghost,Levitate,,3,255,MEDIUM_FAST
Rotom-Fan,50,65,107,105,107,91,Electric,Ghost,Levitate,,3,255,MEDIUM_FAST
Rotom-Frost,50,65,107,105,107,91,Electric,Ghost,Levitate,,3,255,MEDIUM_FAST
Rotom-Heat,50,65,107,105,107,91,Electric,Ghost,Levitate,,3,255,MEDIUM_FAST
Rotom-Mow,50,65,107,105,107,91,Electric,Ghost,Levitate,,3,255,MEDIUM_FAST
Rotom-Wash,50,65,107,105,107,91,Electric,Ghost,Levitate,,3,255,MEDIUM_FAST
Sableye,60,105,105,65,95,50,Dark,Ghost,Clear Body,Clear Body,110,127,MEDIUM_SLOW
Salamence,95,135,80,110,85,100,Dragon,Flying,Intimidate,Intimidate,1026,127,SLOW
Sandshrew,50,75,90,10,35,40,Ground,,Rough Skin,Rough Skin,120,127,MEDIUM_FAST
Sandslash,75,100,120,25,65,65,Ground,,Rough Skin,Rough Skin,295,127,MEDIUM_FAST
Sceptile,70,100,65,100,80,120,Grass,,Overgrow,,522,31,MEDIUM_SLOW
Scizor,70,130,100,55,80,65,Bug,Steel,Technician,Technician,1180,127,MEDIUM_FAST
Scyther,70,110,80,55,80,105,Bug,Flying,Technician,Technician,560,127,MEDIUM_FAST
Seadra,55,65,95,95,45,85,Water,,Sniper,Sniper,250,127,MEDIUM_FAST
Seaking,80,92,65,65,80,68,Water,,Swift Swim,Swift Swim,390,127,MEDIUM_FAST
Sealeo,90,60,90,75,90,45,Ice,Water,Ice Body,Ice Body,876,127,MEDIUM_SLOW
Seedot,40,40,50,30,30,30,Grass,,Chlorophyll,Chlorophyll,40,127,MEDIUM_SLOW
Seel,65,45,55,45,70,45,Water,,Thick Fat,Thick Fat,900,127,MEDIUM_FAST
Sentret,35,46,34,35,45,20,Normal,,Adaptability,Adaptability,60,127,MEDIUM_FAST
Seviper,73,105,60,60,60,100,Poison,,Hyper Cutter,Shed Skin,525,127,FLUCTUATING
Sharpedo,70,120,40,95,40,95,Water,Dark,Tinted Lens,,888,127,SLOW
Shaymin,100,100,100,100,100,100,Grass,,Natural Cure,,21,255,MEDIUM_SLOW
Shaymin-Sky,100,103,75,120,75,127,Grass,Flying,Serene Grace,,52,255,MEDIUM_SLOW
Shedinja,1,100,5,100,10,80,Bug,Ghost,Wonder Guard,,12,255,ERRATIC
Shelgon,65,95,100,60,80,50,Dragon,,Rock Head,Shell Armor,1105,127,SLOW
Shellder,30,65,100,45,45,40,Water,,Filter,Shell Armor,40,127,SLOW
Shellos,76,48,48,57,62,34,Water,,Dry Skin,Dry Skin,63,127,MEDIUM_FAST
Shieldon,60,82,118,2,88,30,Rock,Steel,Solid Rock,Battle Armor,570,31,ERRATIC
Shiftry,90,100,60,90,60,80,Grass,Dark,Chlorophyll,Chlorophyll,596,127,MEDIUM_SLOW
Shinx,45,65,34,40,34,45,Electric,,Rivalry,Rivalry,95,127,MEDIUM_SLOW
Shroomish,60,40,60,40,60,35,Grass,,Poison Heal,Poison Heal,45,127,FLUCTUATING
Shuckle,50,10,230,10,230,5,Bug,Rock,Solid Rock,Solid Rock,205,127,MEDIUM_SLOW
Shuppet,44,85,35,83,33,45,Ghost,,Clear Body,Insomnia,23,127,FAST
Silcoon,50,35,55,25,25,15,Bug,,Shed Skin,Shed Skin,100,127,MEDIUM_FAST
Skarmory,85,85,140,40,80,70,Steel,Flying,Filter,Filter,505,127,SLOW
Skiploom,55,45,50,45,65,80,Grass,Flying,Chlorophyll,Chlorophyll,10,127,MEDIUM_SLOW
Skitty,50,45,45,35,35,50,Normal,,Cute Charm,Cute Charm,110,191,FAST
Skorupi,40,50,90,30,55,65,Poison,Bug,Sand Veil,Sniper,120,127,SLOW
Skuntank,103,93,67,91,61,84,Poison,Dark,Aftermath,Aftermath,380,127,MEDIUM_FAST
Slaking,150,170,100,95,65,100,Normal,,Truant,,1305,127,SLOW
Slakoth,60,60,60,35,35,30,Normal,,Truant,,240,127,SLOW
Slowbro,95,75,110,100,80,30,Water,Psychic,Simple,Shell Armor,785,127,MEDIUM_FAST
Slowking,95,75,80,100,110,30,Water,Psychic,Simple,Magic Guard,795,127,MEDIUM_FAST
Slowpoke,90,65,65,40,40,15,Water,Psychic,Simple,Unaware,360,127,MEDIUM_FAST
Slugma,70,50,80,90,80,20,Fire,,Drought,Vital Spirit,350,127,MEDIUM_FAST
Smeargle,60,70,75,70,85,95,Normal,,Trace,Trace,580,127,FAST
Smoochum,45,30,15,85,65,65,Ice,Psychic,Snow Cloak,Snow Cloak,60,254,MEDIUM_FAST
Sneasel,55,95,55,35,75,115,Dark,Ice,Inner Focus,Inner Focus,280,127,MEDIUM_SLOW
Snorlax,165,110,75,65,110,30,Normal,,Thick Fat,Thick Fat,4600,31,SLOW
Snorunt,50,50,50,70,50,50,Ice,,Snow Cloak,Snow Cloak,168,127,MEDIUM_FAST
Snover,60,62,50,62,60,40,Grass,Ice,Snow Warning,Adaptability,505,127,SLOW
Snubbull,60,80,50,40,40,30,Normal,,Intimidate,Intimidate,78,191,FAST
Solrock,90,95,85,55,75,70,Rock,Psychic,Levitate,,1540,255,FAST
Spearow,40,60,30,31,31,70,Normal,Flying,Sniper,,20,127,MEDIUM_FAST
Spheal,70,40,50,55,50,25,Ice,Water,Thick Fat,Ice Body,395,127,MEDIUM_SLOW
Spinarak,40,60,40,40,40,50,Bug,Poison,Intimidate,Insomnia,85,127,FAST
Spinda,80,80,80,80,80,80,Normal,,Tangled Feet,Tangled Feet,50,127,FAST
Spiritomb,73,108,108,108,108,35,Ghost,Dark,Pressure,,1080,127,MEDIUM_FAST
Spoink,60,55,35,70,80,60,Psychic,,Thick Fat,Own Tempo,306,127,FAST
Squirtle,44,48,65,50,64,43,Water,,Shell Armor,Shell Armor,90,31,MEDIUM_SLOW
Stantler,73,105,72,105,75,85,Normal,,Intimidate,Intimidate,712,127,SLOW
Staraptor,85,120,70,50,50,105,Normal,Flying,Reckless,,249,127,MEDIUM_SLOW
Staravia,55,75,50,40,40,80,Normal,Flying,Reckless,,155,127,MEDIUM_SLOW
Starly,40,55,30,30,30,60,Normal,Flying,Keen Eye,,20,127,MEDIUM_SLOW
Starmie,60,80,85,100,100,115,Water,Psychic,Magic Guard,Natural Cure,800,255,SLOW
Staryu,30,45,55,70,55,85,Water,,Magic Guard,Natural Cure,345,255,SLOW
Steelix,100,115,200,35,75,30,Steel,Ground,Solid Rock,Rock Head,4000,127,MEDIUM_FAST
Stunky,63,63,47,61,41,74,Poison,Dark,Aftermath,Aftermath,192,127,MEDIUM_FAST
Sudowoodo,70,100,115,30,65,30,Rock,,Rock Head,Rock Head,380,127,MEDIUM_FAST
Suicune,120,75,115,90,115,85,Water,,Pressure,,1870,255,SLOW
Sunflora,75,75,55,105,85,30,Grass,,Solar Power,Solar Power,85,127,MEDIUM_SLOW
Sunkern,30,30,30,30,30,30,Grass,,Solar Power,Solar Power,18,127,MEDIUM_SLOW
Surskit,70,30,62,100,82,65,Bug,Water,Swift Swim,,17,127,MEDIUM_FAST
Swablu,45,40,60,40,75,50,Normal,Flying,Natural Cure,,12,127,ERRATIC
Swalot,100,73,83,73,83,55,Poison,,Gluttony,Gluttony,800,127,FLUCTUATING
Swampert,100,110,90,85,90,60,Water,Ground,Swift Swim,Torrent,819,31,MEDIUM_SLOW
Swellow,60,85,60,50,50,125,Normal,Flying,Guts,,198,127,MEDIUM_SLOW
Swinub,50,50,40,30,30,50,Ice,Ground,Snow Cloak,Snow Cloak,65,127,SLOW
Taillow,40,55,30,30,30,85,Normal,Flying,Guts,,23,127,MEDIUM_SLOW
Tangela,65,55,115,100,50,60,Grass,,Chlorophyll,Overgrow,350,127,MEDIUM_FAST
Tangrowth,100,100,125,110,90,10,Grass,,Magic Guard,Magic Guard,1286,127,MEDIUM_FAST
Tauros,85,110,105,40,70,110,Normal,,Intimidate,Intimidate,884,0,SLOW
Teddiursa,60,80,50,50,50,40,Normal,,Guts,Quick Feet,88,127,MEDIUM_FAST
Tentacool,40,40,35,50,100,70,Water,Poison,Rain Dish,Clear Body,455,127,SLOW
Tentacruel,80,80,65,90,120,100,Water,Poison,Rain Dish,Clear Body,550,127,SLOW
Togekiss,85,50,95,120,115,80,Normal,Flying,Serene Grace,Serene Grace,380,31,FAST
Togepi,35,20,65,40,65,20,Normal,,Serene Grace,Serene Grace,15,31,FAST
Togetic,55,40,85,80,105,40,Normal,Flying,Serene Grace,Serene Grace,32,31,FAST
Torchic,45,60,40,70,50,45,Fire,,Blaze,,25,31,MEDIUM_SLOW
Torkoal,70,85,140,85,105,20,Fire,,White Smoke,Shell Armor,804,127,MEDIUM_FAST
Torterra,95,111,105,63,105,56,Grass,Ground,Thick Fat,Shell Armor,3100,31,MEDIUM_SLOW
Totodile,50,65,64,44,48,43,Water,,Torrent,Torrent,95,31,MEDIUM_SLOW
Toxicroak,83,106,65,86,65,85,Poison,Fighting,Dry Skin,Dry Skin,444,127,MEDIUM_FAST
Trapinch,45,100,45,45,45,10,Ground,,Arena Trap,Arena Trap,150,127,MEDIUM_SLOW
Treecko,40,45,35,65,55,70,Grass,,Overgrow,,50,31,MEDIUM_SLOW
Tropius,105,92,105,92,105,51,Grass,Flying,Chlorophyll,Overgrow,1000,127,SLOW
Turtwig,55,68,64,45,55,31,Grass,,Overgrow,Shell Armor,102,31,MEDIUM_SLOW
Typhlosion,78,84,78,110,85,100,Fire,,Blaze,,795,31,MEDIUM_SLOW
Tyranitar,100,134,110,100,100,61,Rock,Dark,Solid Rock,Battle Armor,2020,127,SLOW
Tyrogue,35,35,35,35,35,35,Fighting,,Scrappy,Scrappy,210,0,MEDIUM_FAST
UNOWN,48,102,48,102,48,48,Psychic,,Wonder Guard,Wonder Guard,50,255,MEDIUM_FAST
Umbreon,95,65,110,60,130,65,Dark,,Synchronize,Synchronize,270,31,MEDIUM_FAST
Ursaring,100,140,105,55,80,55,Normal,,Guts,Quick Feet,1258,127,MEDIUM_FAST
Uxie,95,75,130,75,130,95,Psychic,,Levitate,,3,255,SLOW
Vaporeon,130,65,60,110,95,65,Water,,Hydration,Hydration,290,31,MEDIUM_FAST
Venomoth,70,65,60,90,75,90,Bug,Poison,Tinted Lens,Tinted Lens,125,127,MEDIUM_FAST
Venonat,60,55,50,40,55,45,Bug,Poison,Compound Eyes,Tinted Lens,300,127,MEDIUM_FAST
Venusaur,80,92,83,100,100,80,Grass,Poison,Chlorophyll,Overgrow,1000,31,MEDIUM_SLOW
Vespiquen,80,102,102,102,102,70,Bug,Flying,Tinted Lens,Swarm,385,254,MEDIUM_SLOW
Vibrava,50,80,70,100,70,100,Ground,Dragon,Tinted Lens,Levitate,153,127,MEDIUM_SLOW
Victreebel,80,105,65,105,85,70,Grass,Poison,Chlorophyll,,155,127,MEDIUM_SLOW
Vigoroth,80,80,80,55,65,90,Normal,,Vital Spirit,,465,127,SLOW
Vileplume,75,80,85,110,90,50,Grass,Poison,Chlorophyll,,186,127,MEDIUM_SLOW
Volbeat,65,73,55,77,75,85,Bug,,Tinted Lens,Tinted Lens,177,0,ERRATIC
Voltorb,40,30,50,55,55,100,Electric,,Aftermath,Aftermath,104,255,MEDIUM_FAST
Vulpix,38,41,40,65,65,65,Fire,,Flame Body,,99,191,MEDIUM_FAST
Wailmer,140,70,45,70,45,60,Water,,Pressure,Pressure,1300,127,FLUCTUATING
Wailord,165,110,65,110,100,5,Water,,Pressure,Pressure,3980,127,FLUCTUATING
Walrein,110,95,90,95,90,65,Ice,Water,Filter,Ice Body,1506,127,MEDIUM_SLOW
Wartortle,59,63,80,65,80,58,Water,,Shell Armor,Shell Armor,225,31,MEDIUM_SLOW
Weavile,70,120,65,45,85,125,Dark,Ice,Technician,Inner Focus,340,127,MEDIUM_SLOW
Weedle,40,35,30,20,20,50,Bug,Poison,Shield Dust,,32,127,MEDIUM_FAST
Weepinbell,65,90,50,85,45,55,Grass,Poison,Chlorophyll,,64,127,MEDIUM_SLOW
Weezing,65,90,120,90,85,60,Poison,,Levitate,,95,127,MEDIUM_FAST
Whiscash,110,78,73,76,71,60,Water,Ground,Hydration,Swift Swim,236,127,MEDIUM_FAST
Whismur,64,51,23,51,23,28,Normal,,Scrappy,Soundproof,163,127,MEDIUM_SLOW
Wigglytuff,140,80,75,85,70,45,Normal,,Aftermath,,120,191,FAST
Wingull,40,30,30,55,30,85,Water,Flying,Gluttony,,95,127,MEDIUM_FAST
Wobbuffet,190,33,58,33,58,33,Psychic,,Shadow Tag,,285,127,MEDIUM_FAST
Wooper,55,45,45,25,25,15,Water,Ground,Water Absorb,Water Absorb,85,127,MEDIUM_FAST
Wormadam,60,79,85,79,105,36,Bug,Grass,Snow Cloak,,65,254,MEDIUM_FAST
Wormadam-Sandy,60,79,105,59,85,36,Bug,Ground,Snow Cloak,,65,254,MEDIUM_FAST
Wormadam-Trash,60,69,95,69,95,36,Bug,Steel,Snow Cloak,,65,254,MEDIUM_FAST
Wurmple,45,45,35,20,30,20,Bug,,Shield Dust,Shield Dust,36,127,MEDIUM_FAST
Wynaut,95,23,48,23,48,23,Psychic,,Shadow Tag,,140,127,MEDIUM_FAST
Xatu,65,95,70,95,70,95,Psychic,Flying,Magic Guard,Magic Guard,150,127,MEDIUM_FAST
Yanma,65,65,45,75,45,95,Bug,Flying,Compound Eyes,Compound Eyes,380,127,MEDIUM_FAST
Yanmega,86,76,86,116,56,95,Bug,Flying,Speed Boost,Tinted Lens,515,127,MEDIUM_FAST
Zangoose,73,115,60,60,60,90,Normal,,Hyper Cutter,Immunity,403,127,ERRATIC
Zapdos,90,90,85,125,110,100,Electric,Flying,Drizzle,Pressure,526,255,SLOW
Zigzagoon,38,30,41,30,41,60,Normal,,Gluttony,Gluttony,175,127,MEDIUM_FAST
Zubat,40,45,35,30,40,55,Poison,Flying,Inner Focus,,75,127,MEDIUM_FAST
